received_timestamp_iso,adc_NH3,v_NH3,adc_CH4,v_CH4,adc_H2S,v_H2S,temp_C,pressure_Pa,humidity_pct,bme_gas_ohms
2026-08-10T14:45:08,1121.0,0.140125,6928.0,0.866,111.0,0.013875,29.37,93414.88,63.0,34043.0
2026-08-10T14:45:09,1106.0,0.13825,6921.0,0.865125,111.0,0.013875,29.44,93424.37,62.84,28861.0
2026-08-10T14:45:11,1091.0,0.136375,6912.0,0.864,110.0,0.01375,29.48,93419.75,62.66,30274.0
2026-08-10T14:45:12,1073.0,0.134125,6916.0,0.8645,111.0,0.013875,29.51,93419.15,62.49,32888.0
2026-08-10T14:45:15,1045.0,0.130625,6932.0,0.8665,110.0,0.01375,29.55,93420.07,62.35,35874.0
2026-08-10T14:45:17,1033.0,0.129125,6913.0,0.864125,110.0,0.01375,29.56,93415.67,62.26,38918.0
2026-08-10T14:45:19,1028.0,0.1285,6929.0,0.866125,110.0,0.01375,29.58,93421.48,62.17,41653.0
2026-08-10T14:45:21,1027.0,0.128375,6911.0,0.863875,110.0,0.01375,29.6,93413.44,62.09,44708.0
2026-08-10T14:45:24,1029.0,0.128625,6926.0,0.86575,110.0,0.01375,29.61,93425.65,62.03,48066.0
2026-08-10T14:45:25,1018.0,0.12725,6907.0,0.863375,110.0,0.01375,29.62,93426.4,61.99,50723.0
2026-08-10T14:45:27,1011.0,0.126375,6923.0,0.865375,110.0,0.01375,29.62,93426.78,61.94,53256.0
2026-08-10T14:45:29,1001.0,0.125125,6907.0,0.863375,110.0,0.01375,29.63,93423.14,61.91,55435.0
2026-08-10T14:45:31,993.0,0.124125,6922.0,0.86525,109.0,0.013625,29.63,93419.62,61.88,57606.0
2026-08-10T14:45:34,984.0,0.123,6904.0,0.863,109.0,0.013625,29.63,93423.14,61.86,59328.0
2026-08-10T14:45:35,976.0,0.122,6906.0,0.86325,110.0,0.01375,29.65,93420.65,61.83,61332.0
2026-08-10T14:45:36,964.0,0.1205,6900.0,0.8625,109.0,0.013625,29.65,93420.27,61.8,63148.0
2026-08-10T14:45:39,950.0,0.11875,6903.0,0.862875,109.0,0.013625,29.65,93418.25,61.78,64581.0
2026-08-10T14:45:41,939.0,0.117375,6903.0,0.862875,109.0,0.013625,29.66,93419.39,61.75,66338.0
2026-08-10T14:45:43,934.0,0.11675,6902.0,0.86275,109.0,0.013625,29.67,93420.15,61.73,67493.0
2026-08-10T14:45:44,930.0,0.11625,6917.0,0.864625,109.0,0.013625,29.67,93420.15,61.72,69245.0
2026-08-10T14:45:49,934.0,0.11675,6901.0,0.862625,109.0,0.013625,29.67,93418.52,61.7,70446.0
2026-08-10T14:45:50,927.0,0.115875,6917.0,0.864625,108.0,0.0135,29.67,93418.52,61.68,71628.0
2026-08-10T14:45:51,923.0,0.115375,6901.0,0.862625,108.0,0.0135,29.67,93420.55,61.66,72789.0
2026-08-10T14:45:52,920.0,0.115,6919.0,0.864875,108.0,0.0135,29.68,93416.51,61.65,73227.0
2026-08-10T14:45:55,918.0,0.11475,6898.0,0.86225,108.0,0.0135,29.68,93416.51,61.63,74570.0
2026-08-10T14:45:57,916.0,0.1145,6920.0,0.865,108.0,0.0135,29.69,93420.43,61.61,75695.0
2026-08-10T14:45:58,913.0,0.114125,6902.0,0.86275,108.0,0.0135,29.69,93420.43,61.61,76100.0
2026-08-10T14:46:01,911.0,0.113875,6922.0,0.86525,107.0,0.013375,29.69,93421.17,61.6,77132.0
2026-08-10T14:46:03,906.0,0.11325,6903.0,0.862875,108.0,0.0135,29.69,93421.17,61.59,77835.0
2026-08-10T14:46:06,897.0,0.112125,6917.0,0.864625,108.0,0.0135,29.7,93413.64,61.59,78335.0
2026-08-10T14:46:07,896.0,0.112,6904.0,0.863,107.0,0.013375,29.7,93420.31,61.59,79726.0
2026-08-10T14:46:09,888.0,0.111,6902.0,0.86275,108.0,0.0135,29.71,93415.92,61.58,80402.0
2026-08-10T14:46:11,880.0,0.11,6904.0,0.863,107.0,0.013375,29.71,93417.92,61.56,80706.0
2026-08-10T14:46:12,876.0,0.1095,6902.0,0.86275,108.0,0.0135,29.72,93419.05,61.54,81789.0
2026-08-10T14:46:15,867.0,0.108375,6914.0,0.86425,108.0,0.0135,29.72,93419.05,61.51,81946.0
2026-08-10T14:46:17,871.0,0.108875,6903.0,0.862875,107.0,0.013375,29.72,93416.29,61.49,83144.0
2026-08-10T14:46:19,873.0,0.109125,6918.0,0.86475,107.0,0.013375,29.72,93416.29,61.47,83063.0
2026-08-10T14:46:20,901.0,0.112625,6901.0,0.862625,107.0,0.013375,29.72,93414.28,61.47,84128.0
2026-08-10T14:46:23,933.0,0.116625,6919.0,0.864875,107.0,0.013375,29.73,93415.05,61.47,84796.0
2026-08-10T14:46:25,961.0,0.120125,6903.0,0.862875,107.0,0.013375,29.74,93422.48,61.46,85305.0
2026-08-10T14:46:28,1004.0,0.1255,6921.0,0.865125,107.0,0.013375,29.74,93413.78,61.45,85820.0
2026-08-10T14:46:29,1022.0,0.12775,6904.0,0.863,107.0,0.013375,29.75,93426.38,61.44,86341.0
2026-08-10T14:46:32,1045.0,0.130625,6925.0,0.865625,107.0,0.013375,29.75,93415.68,61.42,86253.0
2026-08-10T14:46:32,1070.0,0.13375,6907.0,0.863375,107.0,0.013375,29.75,93421.61,61.4,87134.0
2026-08-10T14:46:35,1086.0,0.13575,6923.0,0.865375,107.0,0.013375,29.76,93416.82,61.38,87761.0
2026-08-10T14:46:37,1092.0,0.1365,6911.0,0.863875,107.0,0.013375,29.77,93418.34,61.37,88033.0
2026-08-10T14:46:39,1103.0,0.137875,6917.0,0.864625,107.0,0.013375,29.76,93420.73,61.35,88489.0
2026-08-10T14:46:41,1107.0,0.138375,6914.0,0.86425,107.0,0.013375,29.77,93418.34,61.34,89043.0
2026-08-10T14:46:43,1118.0,0.13975,6915.0,0.864375,107.0,0.013375,29.77,93416.34,61.35,89323.0
2026-08-10T14:46:46,1125.0,0.140625,6921.0,0.865125,106.0,0.01325,29.77,93419.49,61.35,89793.0
2026-08-10T14:46:46,1129.0,0.141125,6917.0,0.864625,107.0,0.013375,29.78,93412.3,61.35,90077.0
2026-08-10T14:46:49,1143.0,0.142875,6933.0,0.866625,107.0,0.013375,29.79,93413.45,61.35,90555.0
2026-08-10T14:46:51,1155.0,0.144375,6919.0,0.864875,106.0,0.01325,29.78,93415.47,61.33,90459.0
2026-08-10T14:46:53,1160.0,0.145,6936.0,0.867,106.0,0.01325,29.8,93414.97,61.32,91038.0
2026-08-10T14:46:55,1157.0,0.144625,6922.0,0.86525,107.0,0.013375,29.81,93410.57,61.31,91527.0
2026-08-10T14:46:57,1159.0,0.144875,6947.0,0.868375,106.0,0.01325,29.8,93420.88,61.28,91822.0
2026-08-10T14:46:59,1155.0,0.144375,6932.0,0.8665,106.0,0.01325,29.81,93416.48,61.26,92119.0
2026-08-10T14:47:00,1146.0,0.14325,6934.0,0.86675,107.0,0.013375,29.82,93415.23,61.24,92419.0
2026-08-10T14:47:03,1136.0,0.142,6932.0,0.8665,107.0,0.013375,29.82,93421.53,61.22,93962.0
2026-08-10T14:47:05,1158.0,0.14475,6933.0,0.866625,106.0,0.01325,29.82,93421.14,61.2,94274.0
2026-08-10T14:47:08,1131.0,0.141375,6932.0,0.8665,106.0,0.01325,29.83,93423.04,61.19,94535.0
2026-08-10T14:47:09,1132.0,0.1415,6946.0,0.86825,106.0,0.01325,29.84,93418.65,61.17,94692.0
2026-08-10T14:47:10,1130.0,0.14125,6930.0,0.86625,106.0,0.01325,29.83,93420.27,61.15,95061.0
2026-08-10T14:47:13,1127.0,0.140875,6932.0,0.8665,106.0,0.01325,29.84,93415.88,61.14,95274.0
2026-08-10T14:47:15,1123.0,0.140375,6933.0,0.866625,106.0,0.01325,29.85,93422.55,61.13,95327.0
2026-08-10T14:47:17,1118.0,0.13975,6933.0,0.866625,106.0,0.01325,29.85,93417.77,61.12,95540.0
2026-08-10T14:47:19,1109.0,0.138625,6943.0,0.867875,106.0,0.01325,29.86,93420.91,61.11,95540.0
2026-08-10T14:47:21,1100.0,0.1375,6929.0,0.866125,106.0,0.01325,29.86,93418.55,61.11,96349.0
2026-08-10T14:47:23,1091.0,0.136375,6932.0,0.8665,106.0,0.01325,29.87,93416.9,61.1,96677.0
2026-08-10T14:47:24,1079.0,0.134875,6923.0,0.865375,106.0,0.01325,29.87,93416.9,61.1,96677.0
2026-08-10T14:47:28,1084.0,0.1355,6938.0,0.86725,105.0,0.013125,29.87,93417.68,61.08,96841.0
2026-08-10T14:47:30,1027.0,0.128375,6922.0,0.86525,106.0,0.01325,29.88,93418.41,61.07,97006.0
2026-08-10T14:47:31,1018.0,0.12725,6940.0,0.8675,106.0,0.01325,29.88,93423.95,61.06,96841.0
2026-08-10T14:47:33,1000.0,0.125,6921.0,0.865125,105.0,0.013125,29.89,93417.93,61.04,97505.0
2026-08-10T14:47:35,983.0,0.122875,6932.0,0.8665,105.0,0.013125,29.89,93420.31,61.04,97505.0
2026-08-10T14:47:37,974.0,0.12175,6941.0,0.867625,105.0,0.013125,29.89,93420.31,61.02,97673.0
2026-08-10T14:47:38,962.0,0.12025,6939.0,0.867375,105.0,0.013125,29.9,93424.98,61.01,97841.0
2026-08-10T14:47:41,953.0,0.119125,6920.0,0.865,105.0,0.013125,29.91,93414.66,60.99,98178.0
2026-08-10T14:47:43,946.0,0.11825,6932.0,0.8665,105.0,0.013125,29.91,93417.43,60.98,98291.0
2026-08-10T14:47:45,940.0,0.1175,6923.0,0.865375,105.0,0.013125,29.92,93418.58,60.97,98348.0
2026-08-10T14:47:46,935.0,0.116875,6921.0,0.865125,105.0,0.013125,29.92,93416.56,60.96,98689.0
2026-08-10T14:47:49,934.0,0.11675,6923.0,0.865375,105.0,0.013125,29.92,93416.18,60.95,98918.0
2026-08-10T14:47:51,931.0,0.116375,6910.0,0.86375,105.0,0.013125,29.91,93409.88,60.94,98918.0
2026-08-10T14:47:53,929.0,0.116125,6922.0,0.86525,105.0,0.013125,29.93,93411.78,60.95,99669.0
2026-08-10T14:47:55,928.0,0.116,6908.0,0.8635,105.0,0.013125,29.93,93420.48,60.95,99437.0
2026-08-10T14:47:57,922.0,0.11525,6909.0,0.863625,105.0,0.013125,29.93,93415.3,60.94,99321.0
2026-08-10T14:47:59,914.0,0.11425,6907.0,0.863375,105.0,0.013125,29.93,93414.94,60.93,100137.0
2026-08-10T14:48:01,906.0,0.11325,6923.0,0.865375,104.0,0.013,29.94,93413.3,60.93,99902.0
2026-08-10T15:00:08,1087.0,0.135875,7006.0,0.87575,99.0,0.012375,29.66,93413.48,62.14,25049.0
2026-08-10T15:00:09,1033.0,0.129125,6993.0,0.874125,99.0,0.012375,29.74,93412.16,61.98,24474.0
2026-08-10T15:00:11,989.0,0.123625,7005.0,0.875625,99.0,0.012375,29.79,93415.85,61.81,26203.0
2026-08-10T15:00:12,932.0,0.1165,6999.0,0.874875,100.0,0.0125,29.82,93409.32,61.66,28533.0
2026-08-10T15:00:14,903.0,0.112875,7000.0,0.875,99.0,0.012375,29.83,93409.2,61.53,31250.0
2026-08-10T15:00:17,881.0,0.110125,7009.0,0.876125,99.0,0.012375,29.85,93417.02,61.44,33746.0
2026-08-10T15:00:19,882.0,0.11025,7009.0,0.876125,99.0,0.012375,29.86,93410.59,61.37,36488.0
2026-08-10T15:00:21,894.0,0.11175,7021.0,0.877625,99.0,0.012375,29.88,93418.04,61.31,39204.0
2026-08-10T15:00:22,921.0,0.115125,7006.0,0.87575,99.0,0.012375,29.88,93410.1,61.27,41694.0
2026-08-10T15:00:25,922.0,0.11525,7026.0,0.87825,99.0,0.012375,29.89,93414.4,61.22,44245.0
2026-08-10T15:00:27,1101.0,0.137625,7010.0,0.87625,99.0,0.012375,29.89,93412.39,61.19,46410.0
2026-08-10T15:00:28,970.0,0.12125,7028.0,0.8785,99.0,0.012375,29.9,93413.52,61.16,49459.0
2026-08-10T15:00:31,1023.0,0.127875,7011.0,0.876375,99.0,0.012375,29.91,93415.04,61.13,51738.0
2026-08-10T15:00:33,1088.0,0.136,7033.0,0.879125,99.0,0.012375,29.92,93413.03,61.11,53963.0
2026-08-10T15:00:35,1144.0,0.143,7016.0,0.877,99.0,0.012375,29.92,93413.42,61.08,55580.0
2026-08-10T15:00:36,1172.0,0.1465,7038.0,0.87975,100.0,0.0125,29.92,93416.56,61.08,57528.0
2026-08-10T15:00:38,1171.0,0.146375,7021.0,0.877625,100.0,0.0125,29.92,93411.02,61.05,59493.0
2026-08-10T15:00:41,1152.0,0.144,7037.0,0.879625,99.0,0.012375,29.92,93416.18,61.03,61376.0
2026-08-10T15:00:43,1130.0,0.14125,7022.0,0.87775,100.0,0.0125,29.92,93413.79,61.01,62592.0
2026-08-10T15:00:44,1107.0,0.138375,7027.0,0.878375,99.0,0.012375,29.93,93417.31,61.01,64096.0
2026-08-10T15:00:46,1064.0,0.133,7022.0,0.87775,99.0,0.012375,29.94,93404.99,61.01,65173.0
2026-08-10T15:00:49,996.0,0.1245,7021.0,0.877625,99.0,0.012375,29.94,93417.2,61.02,66442.0
2026-08-10T15:00:51,912.0,0.114,7040.0,0.88,99.0,0.012375,29.94,93411.67,61.0,67761.0
2026-08-10T15:00:53,878.0,0.10975,7023.0,0.877875,99.0,0.012375,29.95,93414.82,60.99,68854.0
2026-08-10T15:00:54,913.0,0.114125,7040.0,0.88,99.0,0.012375,29.95,93412.05,60.98,69641.0
2026-08-10T15:00:57,931.0,0.116375,7025.0,0.878125,99.0,0.012375,29.95,93412.05,60.96,70973.0
2026-08-10T15:00:59,991.0,0.123875,7042.0,0.88025,99.0,0.012375,29.95,93413.2,60.96,72113.0
2026-08-10T15:01:01,1066.0,0.13325,7024.0,0.878,99.0,0.012375,29.96,93413.95,60.96,72851.0
2026-08-10T15:01:02,1142.0,0.14275,7046.0,0.88075,99.0,0.012375,29.95,93404.5,60.94,73924.0
2026-08-10T15:01:05,1171.0,0.146375,7028.0,0.8785,99.0,0.012375,29.95,93413.2,60.92,74963.0
2026-08-10T15:01:07,1170.0,0.14625,7045.0,0.880625,99.0,0.012375,29.95,93412.42,60.91,75695.0
2026-08-10T15:01:08,1146.0,0.14325,7026.0,0.87825,99.0,0.012375,29.95,93410.41,60.89,76785.0
2026-08-10T15:01:11,1125.0,0.140625,7044.0,0.8805,99.0,0.012375,29.95,93415.96,60.89,76923.0
2026-08-10T15:01:13,1110.0,0.13875,7025.0,0.878125,99.0,0.012375,29.96,93413.95,60.89,77977.0
2026-08-10T15:01:14,1082.0,0.13525,7034.0,0.87925,98.0,0.01225,29.96,93411.55,60.9,78769.0
2026-08-10T15:01:17,1040.0,0.13,7022.0,0.87775,98.0,0.01225,29.96,93414.33,60.89,79429.0
2026-08-10T15:01:19,998.0,0.12475,7026.0,0.87825,99.0,0.012375,29.96,93417.47,60.89,80100.0
2026-08-10T15:01:21,935.0,0.116875,7028.0,0.8785,99.0,0.012375,29.96,93413.95,60.88,80859.0
2026-08-10T15:01:22,896.0,0.112,7026.0,0.87825,98.0,0.01225,29.96,93413.95,60.87,81477.0
2026-08-10T15:01:25,879.0,0.109875,7038.0,0.87975,99.0,0.012375,29.96,93416.34,60.86,81633.0
2026-08-10T15:01:27,890.0,0.11125,7025.0,0.878125,99.0,0.012375,29.96,93417.47,60.87,82581.0
2026-08-10T15:01:28,905.0,0.113125,7044.0,0.8805,99.0,0.012375,29.97,93417.86,60.87,83144.0
2026-08-10T15:01:31,925.0,0.115625,7028.0,0.8785,99.0,0.012375,29.96,93413.95,60.88,83469.0
2026-08-10T15:01:33,950.0,0.11875,7049.0,0.881125,100.0,0.0125,29.96,93417.47,60.9,84461.0
2026-08-10T15:01:35,1002.0,0.12525,7025.0,0.878125,99.0,0.012375,29.96,93410.79,60.9,84461.0
2026-08-10T15:01:37,1052.0,0.1315,7047.0,0.880875,99.0,0.012375,29.96,93413.95,60.92,85135.0
2026-08-10T15:01:39,1131.0,0.141375,7029.0,0.878625,99.0,0.012375,29.96,93414.7,60.93,85906.0
2026-08-10T15:01:41,1173.0,0.146625,7046.0,0.88075,99.0,0.012375,29.96,93414.7,60.93,85993.0
2026-08-10T15:01:42,1168.0,0.146,7028.0,0.8785,99.0,0.012375,29.96,93406.4,60.91,86780.0
2026-08-10T15:01:45,1139.0,0.142375,7029.0,0.878625,100.0,0.0125,29.97,93412.31,60.89,87045.0
2026-08-10T15:01:47,1111.0,0.138875,6992.0,0.874,99.0,0.012375,29.96,93419.87,60.89,87491.0
2026-08-10T15:01:48,1071.0,0.133875,7042.0,0.88025,99.0,0.012375,29.96,93414.33,60.9,87581.0
2026-08-10T15:01:51,1012.0,0.1265,7034.0,0.87925,99.0,0.012375,29.97,93421.0,60.91,88215.0
2026-08-10T15:01:53,925.0,0.115625,7041.0,0.880125,100.0,0.0125,29.97,93415.85,60.92,88581.0
2026-08-10T15:01:54,882.0,0.11025,7048.0,0.881,99.0,0.012375,29.97,93415.85,60.92,88951.0
2026-08-10T15:01:57,884.0,0.1105,7038.0,0.87975,99.0,0.012375,29.98,93416.59,60.92,89323.0
2026-08-10T15:01:59,905.0,0.113125,7040.0,0.88,99.0,0.012375,29.97,93415.46,60.91,89982.0
2026-08-10T15:02:00,927.0,0.115875,7040.0,0.88,99.0,0.012375,29.98,93414.59,60.9,90652.0
2026-08-10T15:02:03,979.0,0.122375,7061.0,0.882625,99.0,0.012375,29.98,93417.36,60.89,90364.0
2026-08-10T15:02:05,1028.0,0.1285,7043.0,0.880375,100.0,0.0125,29.98,93408.67,60.87,91136.0
2026-08-10T15:02:06,1096.0,0.137,7064.0,0.883,100.0,0.0125,29.98,93408.67,60.85,91429.0
2026-08-10T15:02:09,1146.0,0.14325,7048.0,0.881,99.0,0.012375,29.98,93411.06,60.85,91625.0
2026-08-10T15:02:11,1173.0,0.146625,7049.0,0.881125,100.0,0.0125,29.98,93419.75,60.84,91822.0
2026-08-10T15:02:13,1177.0,0.147125,7044.0,0.8805,99.0,0.012375,29.99,93410.19,60.84,91921.0
2026-08-10T15:02:14,1157.0,0.144625,7061.0,0.882625,100.0,0.0125,29.99,93415.34,60.84,92319.0
2026-08-10T15:02:17,1136.0,0.142,7044.0,0.8805,99.0,0.012375,29.99,93418.5,60.83,92319.0
2026-08-10T15:02:19,1118.0,0.13975,7054.0,0.88175,99.0,0.012375,30.0,93414.47,60.82,94326.0
2026-08-10T15:02:21,1102.0,0.13775,7040.0,0.88,99.0,0.012375,30.0,93412.46,60.8,94797.0
2026-08-10T15:02:22,1064.0,0.133,7046.0,0.88075,99.0,0.012375,30.0,93417.23,60.79,94640.0
2026-08-10T15:02:29,975.0,0.121875,7044.0,0.8805,99.0,0.012375,30.01,93415.61,60.78,95114.0
2026-08-10T15:02:29,926.0,0.11575,7052.0,0.8815,99.0,0.012375,30.01,93416.0,60.78,95540.0
2026-08-10T15:02:31,895.0,0.111875,7051.0,0.881375,99.0,0.012375,30.01,93413.6,60.86,95916.0
2026-08-10T15:02:32,880.0,0.11,7068.0,0.8835,99.0,0.012375,30.01,93408.05,60.91,95916.0
2026-08-10T15:02:34,886.0,0.11075,7053.0,0.881625,99.0,0.012375,30.02,93414.73,60.91,96186.0
2026-08-10T15:02:37,898.0,0.11225,7072.0,0.884,99.0,0.012375,30.03,93415.49,60.89,96349.0
2026-08-10T15:02:39,906.0,0.11325,7056.0,0.882,99.0,0.012375,30.02,93412.34,60.85,96404.0
2026-08-10T15:02:41,922.0,0.11525,7074.0,0.88425,99.0,0.012375,30.02,93409.2,60.81,96896.0
2026-08-10T15:02:42,928.0,0.116,7052.0,0.8815,99.0,0.012375,30.03,93415.49,60.81,96677.0
2026-08-10T15:02:45,941.0,0.117625,7071.0,0.883875,99.0,0.012375,30.02,93417.89,60.81,97673.0
2026-08-10T15:02:47,961.0,0.120125,7053.0,0.881625,99.0,0.012375,30.03,93407.19,60.83,97729.0
2026-08-10T15:02:48,995.0,0.124375,7070.0,0.88375,99.0,0.012375,30.03,93410.71,60.86,98291.0
2026-08-10T15:02:51,1025.0,0.128125,7053.0,0.881625,99.0,0.012375,30.03,93412.72,60.86,97841.0
2026-08-10T15:02:53,1044.0,0.1305,7061.0,0.882625,100.0,0.0125,30.03,93418.27,60.83,98235.0
2026-08-10T15:02:54,1092.0,0.1365,7054.0,0.88175,99.0,0.012375,30.03,93413.11,60.8,98348.0
2026-08-10T15:02:56,1118.0,0.13975,7054.0,0.88175,99.0,0.012375,30.04,93417.02,60.77,98518.0
2026-08-10T15:02:59,1141.0,0.142625,7059.0,0.882375,99.0,0.012375,30.04,93415.01,60.75,98804.0
2026-08-10T15:03:00,1149.0,0.143625,7060.0,0.8825,99.0,0.012375,30.05,93418.54,60.73,99033.0
2026-08-10T15:03:02,1168.0,0.146,7071.0,0.883875,99.0,0.012375,30.04,93415.01,60.71,98975.0
2026-08-10T15:03:05,1174.0,0.14675,7063.0,0.882875,99.0,0.012375,30.05,93415.77,60.69,100078.0
2026-08-10T15:15:09,1160.0,0.145,7817.0,0.977125,99.0,0.012375,29.82,93407.7,62.28,25108.0
2026-08-10T15:15:11,897.0,0.112125,7804.0,0.9755,98.0,0.01225,29.91,93398.04,62.09,24573.0
2026-08-10T15:15:13,893.0,0.111625,7833.0,0.979125,99.0,0.012375,29.97,93406.78,61.9,26154.0
2026-08-10T15:15:14,929.0,0.116125,7819.0,0.977375,98.0,0.01225,30.0,93406.91,61.75,28419.0
2026-08-10T15:15:16,1022.0,0.12775,7832.0,0.979,99.0,0.012375,30.03,93399.26,61.62,31000.0
2026-08-10T15:15:19,1081.0,0.135125,7811.0,0.976375,99.0,0.012375,30.03,93408.32,61.5,33720.0
2026-08-10T15:15:21,1123.0,0.140375,7821.0,0.977625,99.0,0.012375,30.05,93404.69,61.42,36395.0
2026-08-10T15:15:22,1150.0,0.14375,7803.0,0.975375,99.0,0.012375,30.05,93402.29,61.36,38918.0
2026-08-10T15:15:24,1172.0,0.1465,7818.0,0.97725,99.0,0.012375,30.06,93400.66,61.31,41451.0
2026-08-10T15:15:27,1190.0,0.14875,7822.0,0.97775,99.0,0.012375,30.06,93401.04,61.27,43836.0
2026-08-10T15:15:28,1177.0,0.147125,7796.0,0.9745,99.0,0.012375,30.06,93404.19,61.24,46209.0
2026-08-10T15:15:31,1143.0,0.142875,7792.0,0.974,99.0,0.012375,30.06,93401.8,61.21,49430.0
2026-08-10T15:15:33,1081.0,0.135125,7796.0,0.9745,99.0,0.012375,30.07,93400.55,61.2,51457.0
2026-08-10T15:15:34,1044.0,0.1305,7811.0,0.976375,99.0,0.012375,30.08,93401.68,61.18,53590.0
2026-08-10T15:15:36,1006.0,0.12575,7795.0,0.974375,100.0,0.0125,30.09,93405.57,61.16,55363.0
2026-08-10T15:15:39,963.0,0.120375,7829.0,0.978625,99.0,0.012375,30.07,93399.79,61.15,57028.0
2026-08-10T15:15:41,1199.0,0.149875,7834.0,0.97925,99.0,0.012375,30.06,93401.04,61.15,58918.0
2026-08-10T15:15:42,926.0,0.11575,7860.0,0.9825,98.0,0.01225,30.05,93400.28,61.2,60420.0
2026-08-10T15:15:44,907.0,0.113375,7862.0,0.98275,99.0,0.012375,30.04,93406.31,61.23,61465.0
2026-08-10T15:15:48,892.0,0.1115,7881.0,0.985125,99.0,0.012375,30.01,93405.28,61.26,63476.0
2026-08-10T15:15:49,882.0,0.11025,7871.0,0.983875,98.0,0.01225,30.0,93406.16,61.3,64532.0
2026-08-10T15:15:50,876.0,0.1095,7904.0,0.988,99.0,0.012375,29.98,93397.21,61.34,65979.0
2026-08-10T15:15:53,894.0,0.11175,7894.0,0.98675,98.0,0.01225,29.96,93400.85,61.39,67600.0
2026-08-10T15:15:55,914.0,0.11425,7922.0,0.99025,98.0,0.01225,30.0,93400.25,61.44,68413.0
2026-08-10T15:15:56,954.0,0.11925,7913.0,0.989125,98.0,0.01225,29.98,93402.75,61.45,69245.0
2026-08-10T15:15:59,1000.0,0.125,7920.0,0.99,99.0,0.012375,29.96,93405.63,61.47,70504.0
2026-08-10T15:16:01,1032.0,0.129,7923.0,0.990375,99.0,0.012375,29.95,93402.11,61.49,71210.0
2026-08-10T15:16:02,1048.0,0.131,7918.0,0.98975,98.0,0.01225,29.92,93394.02,61.51,72542.0
2026-08-10T15:16:06,1074.0,0.13425,7927.0,0.990875,99.0,0.012375,29.91,93401.57,61.55,72914.0
2026-08-10T15:16:07,1031.0,0.128875,7923.0,0.990375,98.0,0.01225,29.89,93403.7,61.6,74505.0
2026-08-10T15:16:08,1099.0,0.137375,7937.0,0.992125,99.0,0.012375,29.92,93402.71,61.64,75029.0
2026-08-10T15:16:10,1101.0,0.137625,7919.0,0.989875,98.0,0.01225,29.93,93404.23,61.65,75494.0
2026-08-10T15:16:13,1118.0,0.13975,7923.0,0.990375,98.0,0.01225,29.92,93399.56,61.66,76716.0
2026-08-10T15:16:15,1123.0,0.140375,7928.0,0.991,98.0,0.01225,29.9,93398.91,61.65,77412.0
2026-08-10T15:16:16,1128.0,0.141,7946.0,0.99325,99.0,0.012375,29.9,93397.3,61.68,77835.0
2026-08-10T15:16:19,1134.0,0.14175,7923.0,0.990375,98.0,0.01225,29.92,93405.48,61.69,78842.0
2026-08-10T15:16:21,1135.0,0.141875,7946.0,0.99325,98.0,0.01225,29.92,93407.5,61.7,79429.0
2026-08-10T15:16:22,1137.0,0.142125,7925.0,0.990625,98.0,0.01225,29.93,93398.32,61.71,80175.0
2026-08-10T15:16:25,1140.0,0.1425,7948.0,0.9935,98.0,0.01225,29.9,93407.98,61.69,80859.0
2026-08-10T15:16:27,1152.0,0.144,7927.0,0.990875,98.0,0.01225,29.88,93402.19,61.71,81399.0
2026-08-10T15:16:28,1162.0,0.14525,7947.0,0.993375,98.0,0.01225,29.87,93403.83,61.73,82183.0
2026-08-10T15:16:30,1172.0,0.1465,7931.0,0.991375,98.0,0.01225,29.89,93397.42,61.76,82741.0
2026-08-10T15:16:33,1183.0,0.147875,7931.0,0.991375,98.0,0.01225,29.88,93394.25,61.76,83063.0
2026-08-10T15:16:34,1195.0,0.149375,7928.0,0.991,98.0,0.01225,29.89,93402.95,61.76,83879.0
2026-08-10T15:16:36,1201.0,0.150125,7925.0,0.990625,98.0,0.01225,29.88,93408.09,61.76,83962.0
2026-08-10T15:16:39,1198.0,0.14975,7933.0,0.991625,98.0,0.01225,29.87,93403.43,61.77,84796.0
2026-08-10T15:16:42,1183.0,0.147875,7924.0,0.9905,97.0,0.012125,29.84,93399.65,61.78,85220.0
2026-08-10T15:16:43,1167.0,0.145875,7942.0,0.99275,98.0,0.01225,29.87,93400.66,61.81,85993.0
2026-08-10T15:16:44,1149.0,0.143625,7921.0,0.990125,98.0,0.01225,29.89,93398.16,61.81,85647.0
2026-08-10T15:16:47,1123.0,0.140375,7920.0,0.99,98.0,0.01225,29.87,93397.52,61.8,86692.0
2026-08-10T15:16:48,1113.0,0.139125,7913.0,0.989125,98.0,0.01225,29.86,93398.76,61.79,86957.0
2026-08-10T15:16:50,1096.0,0.137,7932.0,0.9915,98.0,0.01225,29.84,93398.89,61.8,87402.0
2026-08-10T15:16:53,1079.0,0.134875,7907.0,0.988375,98.0,0.01225,29.83,93396.98,61.83,87402.0
2026-08-10T15:16:55,1074.0,0.13425,7910.0,0.98875,98.0,0.01225,29.82,93401.01,61.85,88673.0
2026-08-10T15:16:56,1060.0,0.1325,7908.0,0.9885,98.0,0.01225,29.79,93397.6,61.88,88951.0
2026-08-10T15:16:59,1050.0,0.13125,7927.0,0.990875,98.0,0.01225,29.79,93396.47,61.91,88951.0
2026-08-10T15:17:00,1047.0,0.130875,7907.0,0.988375,97.0,0.012125,29.77,93398.96,61.93,89323.0
2026-08-10T15:17:02,1078.0,0.13475,7913.0,0.989125,98.0,0.01225,29.75,93394.29,61.97,89699.0
2026-08-10T15:17:05,1046.0,0.13075,7902.0,0.98775,98.0,0.01225,29.77,93402.88,62.0,90459.0
2026-08-10T15:17:07,1046.0,0.13075,7902.0,0.98775,98.0,0.01225,29.78,93401.62,62.03,90845.0
2026-08-10T15:17:09,1043.0,0.130375,7898.0,0.98725,98.0,0.01225,29.76,93398.59,62.02,90941.0
2026-08-10T15:17:12,1083.0,0.135375,7896.0,0.987,98.0,0.01225,29.76,93398.59,62.04,91429.0
2026-08-10T15:17:13,1044.0,0.1305,7913.0,0.989125,98.0,0.01225,29.74,93399.94,62.04,91429.0
2026-08-10T15:17:15,1102.0,0.13775,7898.0,0.98725,98.0,0.01225,29.73,93396.8,62.07,92219.0
2026-08-10T15:17:17,1041.0,0.130125,7917.0,0.989625,98.0,0.01225,29.73,93404.34,62.09,92119.0
2026-08-10T15:17:18,1032.0,0.129,7899.0,0.987375,97.0,0.012125,29.72,93405.59,62.1,93807.0
2026-08-10T15:17:21,1014.0,0.12675,7898.0,0.98725,98.0,0.01225,29.74,93398.31,62.13,94066.0
2026-08-10T15:17:23,1008.0,0.126,7897.0,0.987125,97.0,0.012125,29.74,93402.71,62.13,95008.0
2026-08-10T15:17:25,1005.0,0.125625,7917.0,0.989625,97.0,0.012125,29.73,93398.43,62.13,94482.0
2026-08-10T15:17:27,1005.0,0.125625,7899.0,0.987375,97.0,0.012125,29.73,93399.2,62.13,95274.0
2026-08-10T15:17:28,1006.0,0.12575,7922.0,0.99025,97.0,0.012125,29.7,93395.4,62.14,94640.0
2026-08-10T15:17:31,1010.0,0.12625,7905.0,0.988125,97.0,0.012125,29.69,93399.41,62.17,95274.0
2026-08-10T15:17:36,1027.0,0.128375,7919.0,0.989875,97.0,0.012125,29.7,93400.55,62.19,96132.0
2026-08-10T15:17:36,1026.0,0.12825,7902.0,0.98775,98.0,0.01225,29.7,93400.55,62.21,95808.0
2026-08-10T15:17:38,1039.0,0.129875,7902.0,0.98775,97.0,0.012125,29.69,93399.41,62.22,96951.0
2026-08-10T15:17:40,1039.0,0.129875,7897.0,0.987125,97.0,0.012125,29.68,93397.12,62.22,96951.0
2026-08-10T15:17:43,1034.0,0.12925,7895.0,0.986875,97.0,0.012125,29.67,93398.0,62.23,97394.0
2026-08-10T15:17:45,1031.0,0.128875,7891.0,0.986375,97.0,0.012125,29.67,93395.62,62.26,97006.0
2026-08-10T15:17:46,1041.0,0.130125,7910.0,0.98875,97.0,0.012125,29.7,93400.16,62.27,97006.0
2026-08-10T15:17:49,998.0,0.12475,7893.0,0.986625,97.0,0.012125,29.69,93401.43,62.26,97785.0
2026-08-10T15:17:51,995.0,0.124375,7909.0,0.988625,97.0,0.012125,29.71,93398.54,62.26,98009.0
2026-08-10T15:17:53,944.0,0.118,7891.0,0.986375,97.0,0.012125,29.72,93394.89,62.26,98348.0
2026-08-10T15:17:54,927.0,0.115875,7913.0,0.989125,97.0,0.012125,29.71,93393.77,62.23,98066.0
2026-08-10T15:17:57,911.0,0.113875,7893.0,0.986625,97.0,0.012125,29.7,93400.55,62.22,98632.0
2026-08-10T15:17:59,895.0,0.111875,7896.0,0.987,97.0,0.012125,29.69,93398.28,62.22,98861.0
2026-08-10T15:18:00,878.0,0.10975,7889.0,0.986125,97.0,0.012125,29.69,93398.28,62.24,99263.0
2026-08-10T15:18:02,871.0,0.108875,7906.0,0.98825,97.0,0.012125,29.72,93405.97,62.26,99437.0
2026-08-10T15:18:05,905.0,0.113125,7887.0,0.985875,97.0,0.012125,29.71,93401.69,62.23,99844.0
2026-08-10T15:18:07,943.0,0.117875,7893.0,0.986625,98.0,0.01225,29.72,93400.05,62.23,99321.0
2026-08-10T15:30:13,893.0,0.111625,8223.0,1.027875,97.0,0.012125,29.09,93397.24,65.15,25791.0
2026-08-10T15:30:14,1163.0,0.145375,8217.0,1.027125,98.0,0.01225,29.16,93392.05,64.97,25108.0
2026-08-10T15:30:14,1130.0,0.14125,8238.0,1.02975,98.0,0.01225,29.22,93400.4,64.79,26595.0
2026-08-10T15:30:17,1083.0,0.135375,8222.0,1.02775,97.0,0.012125,29.25,93394.27,64.63,28842.0
2026-08-10T15:30:21,998.0,0.12475,8227.0,1.028375,97.0,0.012125,29.27,93394.53,64.51,31411.0
2026-08-10T15:30:21,914.0,0.11425,8216.0,1.027,98.0,0.01225,29.3,93401.87,64.41,33988.0
2026-08-10T15:30:23,901.0,0.112625,8210.0,1.02625,98.0,0.01225,29.31,93394.7,64.32,36645.0
2026-08-10T15:30:24,941.0,0.117625,8223.0,1.027875,98.0,0.01225,29.32,93398.6,64.24,39168.0
2026-08-10T15:30:26,1018.0,0.12725,8215.0,1.026875,98.0,0.01225,29.33,93396.96,64.19,41775.0
2026-08-10T15:30:29,1159.0,0.144875,8228.0,1.0285,97.0,0.012125,29.32,93393.83,64.15,44153.0
2026-08-10T15:30:31,1195.0,0.149375,8227.0,1.028375,98.0,0.01225,29.33,93394.2,64.11,46562.0
2026-08-10T15:30:32,1137.0,0.142125,8227.0,1.028375,97.0,0.012125,29.32,93402.13,64.09,49402.0
2026-08-10T15:30:34,1054.0,0.13175,8208.0,1.026,98.0,0.01225,29.33,93397.35,64.07,51582.0
2026-08-10T15:30:36,923.0,0.115375,8228.0,1.0285,97.0,0.012125,29.33,93397.35,64.05,53590.0
2026-08-10T15:30:40,902.0,0.11275,8210.0,1.02625,98.0,0.01225,29.33,93397.73,64.03,55363.0
2026-08-10T15:30:40,948.0,0.1185,8227.0,1.028375,98.0,0.01225,29.32,93396.59,64.02,57181.0
2026-08-10T15:30:42,1047.0,0.130875,8205.0,1.025625,98.0,0.01225,29.32,93393.06,64.01,58716.0
2026-08-10T15:30:45,1173.0,0.146625,8221.0,1.027625,98.0,0.01225,29.33,93392.2,64.01,60420.0
2026-08-10T15:30:47,1187.0,0.148375,8201.0,1.025125,98.0,0.01225,29.33,93398.12,64.0,62046.0
2026-08-10T15:30:48,1139.0,0.142375,8214.0,1.02675,98.0,0.01225,29.33,93394.59,63.99,63666.0
2026-08-10T15:30:50,1063.0,0.132875,8199.0,1.024875,97.0,0.012125,29.34,93396.11,63.97,64925.0
2026-08-10T15:30:52,942.0,0.11775,8202.0,1.02525,98.0,0.01225,29.34,93398.48,63.96,66030.0
2026-08-10T15:30:54,892.0,0.1115,8201.0,1.025125,97.0,0.012125,29.34,93395.73,63.96,67174.0
2026-08-10T15:30:56,924.0,0.1155,8197.0,1.024625,98.0,0.01225,29.34,93398.87,63.95,68248.0
2026-08-10T15:30:59,963.0,0.120375,8205.0,1.025625,98.0,0.01225,29.34,93399.24,63.94,69414.0
2026-08-10T15:31:00,1061.0,0.132625,8200.0,1.025,98.0,0.01225,29.34,93390.95,63.93,70679.0
2026-08-10T15:31:02,1179.0,0.147375,8220.0,1.0275,98.0,0.01225,29.34,93396.48,63.92,71568.0
2026-08-10T15:31:04,1198.0,0.14975,8205.0,1.025625,97.0,0.012125,29.33,93394.59,63.91,72542.0
2026-08-10T15:31:06,1159.0,0.144875,8221.0,1.027625,98.0,0.01225,29.33,93396.96,63.92,73352.0
2026-08-10T15:31:09,1120.0,0.14,8202.0,1.02525,97.0,0.012125,29.33,93394.2,63.93,74053.0
2026-08-10T15:31:11,1028.0,0.1285,8219.0,1.027375,97.0,0.012125,29.34,93398.48,63.93,75029.0
2026-08-10T15:31:12,921.0,0.115125,8198.0,1.02475,98.0,0.01225,29.33,93394.95,63.93,75762.0
2026-08-10T15:31:14,894.0,0.11175,8227.0,1.028375,97.0,0.012125,29.33,93397.73,63.92,76716.0
2026-08-10T15:31:16,925.0,0.115625,8208.0,1.026,97.0,0.012125,29.34,93396.85,63.92,77201.0
2026-08-10T15:31:19,964.0,0.1205,8222.0,1.02775,97.0,0.012125,29.35,93392.08,63.92,78049.0
2026-08-10T15:31:21,1058.0,0.13225,8200.0,1.025,98.0,0.01225,29.35,93398.38,63.9,78479.0
2026-08-10T15:31:22,1170.0,0.14625,8208.0,1.026,98.0,0.01225,29.34,93394.09,63.88,79134.0
2026-08-10T15:31:24,1196.0,0.1495,8194.0,1.02425,98.0,0.01225,29.34,93394.09,63.87,80100.0
2026-08-10T15:31:27,1155.0,0.144375,8190.0,1.02375,97.0,0.012125,29.35,93394.48,63.88,80783.0
2026-08-10T15:31:28,1103.0,0.137875,8193.0,1.024125,97.0,0.012125,29.34,93391.33,63.87,81477.0
2026-08-10T15:31:30,974.0,0.12175,8186.0,1.02325,97.0,0.012125,29.35,93397.62,63.88,81789.0
2026-08-10T15:31:33,891.0,0.111375,8195.0,1.024375,98.0,0.01225,29.35,93395.62,63.86,82025.0
2026-08-10T15:31:34,923.0,0.115375,8178.0,1.02225,97.0,0.012125,29.35,93401.16,63.86,82741.0
2026-08-10T15:31:36,998.0,0.12475,8193.0,1.024125,98.0,0.01225,29.35,93398.38,63.85,83551.0
2026-08-10T15:31:39,1152.0,0.144,8168.0,1.021,98.0,0.01225,29.35,93395.24,63.84,84045.0
2026-08-10T15:31:41,1192.0,0.149,8190.0,1.02375,98.0,0.01225,29.35,93394.48,63.83,84544.0
2026-08-10T15:31:42,1133.0,0.141625,8172.0,1.0215,98.0,0.01225,29.34,93396.85,63.84,84965.0
2026-08-10T15:31:44,1035.0,0.129375,8195.0,1.024375,98.0,0.01225,29.34,93392.95,63.84,85390.0
2026-08-10T15:31:46,899.0,0.112375,8173.0,1.021625,98.0,0.01225,29.33,93394.2,63.84,85906.0
2026-08-10T15:31:50,916.0,0.1145,8190.0,1.02375,97.0,0.012125,29.33,93397.35,63.85,86692.0
2026-08-10T15:31:50,967.0,0.120875,8168.0,1.021,98.0,0.01225,29.34,93396.11,63.86,86780.0
2026-08-10T15:31:53,1107.0,0.138375,8185.0,1.023125,98.0,0.01225,29.34,93396.48,63.86,87223.0
2026-08-10T15:31:54,1197.0,0.149625,8164.0,1.0205,98.0,0.01225,29.34,93402.02,63.86,87134.0
2026-08-10T15:31:57,1159.0,0.144875,8166.0,1.02075,98.0,0.01225,29.34,93393.72,63.85,87761.0
2026-08-10T15:31:58,1102.0,0.13775,8162.0,1.02025,98.0,0.01225,29.34,93390.58,63.85,88306.0
2026-08-10T15:32:00,962.0,0.12025,8158.0,1.01975,98.0,0.01225,29.34,93395.73,63.85,88766.0
2026-08-10T15:32:04,891.0,0.111375,8182.0,1.02275,97.0,0.012125,29.33,93397.73,63.85,88951.0
2026-08-10T15:32:05,927.0,0.115875,8156.0,1.0195,98.0,0.01225,29.33,93394.59,63.85,89510.0
2026-08-10T15:32:06,999.0,0.124875,8174.0,1.02175,97.0,0.012125,29.32,93395.84,63.85,89793.0
2026-08-10T15:32:08,1150.0,0.14375,8161.0,1.020125,98.0,0.01225,29.32,93395.84,63.86,90364.0
2026-08-10T15:32:10,1183.0,0.147875,8178.0,1.02225,97.0,0.012125,29.32,93398.23,63.86,90652.0
2026-08-10T15:32:13,1132.0,0.1415,8161.0,1.020125,98.0,0.01225,29.31,93397.09,63.86,90941.0
2026-08-10T15:32:14,1026.0,0.12825,8173.0,1.021625,97.0,0.012125,29.31,93397.85,63.87,91331.0
2026-08-10T15:32:16,890.0,0.11125,8153.0,1.019125,97.0,0.012125,29.32,93393.45,63.87,91723.0
2026-08-10T15:32:19,925.0,0.115625,8174.0,1.02175,97.0,0.012125,29.31,93394.7,63.87,92020.0
2026-08-10T15:32:21,1019.0,0.127375,8153.0,1.019125,97.0,0.012125,29.31,93389.16,63.87,91921.0
2026-08-10T15:32:22,1171.0,0.146375,8169.0,1.021125,98.0,0.01225,29.31,93393.94,63.88,93910.0
2026-08-10T15:32:24,1169.0,0.146125,8147.0,1.018375,98.0,0.01225,29.32,93395.46,63.88,94430.0
2026-08-10T15:32:26,1112.0,0.139,8162.0,1.02025,97.0,0.012125,29.32,93389.92,63.87,94326.0
2026-08-10T15:32:28,951.0,0.118875,8145.0,1.018125,97.0,0.012125,29.33,93389.43,63.86,94850.0
2026-08-10T15:32:33,897.0,0.112125,8147.0,1.018375,97.0,0.012125,29.34,93393.34,63.85,94850.0
2026-08-10T15:32:34,946.0,0.11825,8144.0,1.018,97.0,0.012125,29.34,93393.34,63.83,95327.0
2026-08-10T15:32:35,1062.0,0.13275,8146.0,1.01825,98.0,0.01225,29.33,93392.58,63.82,95808.0
2026-08-10T15:32:36,1189.0,0.148625,8148.0,1.0185,97.0,0.012125,29.32,93393.06,63.82,95433.0
2026-08-10T15:32:38,1170.0,0.14625,8146.0,1.01825,98.0,0.01225,29.32,93390.69,63.81,96078.0
2026-08-10T15:32:41,1122.0,0.14025,8162.0,1.02025,97.0,0.012125,29.32,93393.06,63.82,96295.0
2026-08-10T15:32:42,1024.0,0.128,8145.0,1.018125,97.0,0.012125,29.31,93395.09,63.82,96458.0
2026-08-10T15:32:45,911.0,0.113875,8162.0,1.02025,97.0,0.012125,29.3,93396.34,63.83,96677.0
2026-08-10T15:32:46,904.0,0.113,8140.0,1.0175,97.0,0.012125,29.31,93391.17,63.83,97450.0
2026-08-10T15:32:48,950.0,0.11875,8157.0,1.019625,97.0,0.012125,29.32,93395.46,63.84,96951.0
2026-08-10T15:32:51,1052.0,0.1315,8143.0,1.017875,97.0,0.012125,29.33,93397.73,63.84,97394.0
2026-08-10T15:32:52,1171.0,0.146375,8157.0,1.019625,97.0,0.012125,29.33,93391.44,63.83,97729.0
2026-08-10T15:32:54,1185.0,0.148125,8137.0,1.017125,98.0,0.01225,29.33,93394.2,63.82,98122.0
2026-08-10T15:32:57,1139.0,0.142375,8152.0,1.019,98.0,0.01225,29.33,93386.29,63.81,97729.0
2026-08-10T15:32:59,1012.0,0.1265,8133.0,1.016625,97.0,0.012125,29.36,93393.23,63.81,98518.0
2026-08-10T15:33:00,974.0,0.12175,8140.0,1.0175,97.0,0.012125,29.36,93393.6,63.79,98632.0
2026-08-10T15:33:02,895.0,0.111875,8132.0,1.0165,97.0,0.012125,29.36,93391.22,63.76,98689.0
2026-08-10T15:33:04,901.0,0.112625,8134.0,1.01675,97.0,0.012125,29.39,93392.24,63.75,98746.0
2026-08-10T15:33:07,935.0,0.116875,8131.0,1.016375,97.0,0.012125,29.41,93400.43,63.72,99437.0
2026-08-10T15:33:08,984.0,0.123,8126.0,1.01575,97.0,0.012125,29.39,93392.24,63.69,99495.0
