Saved Sample Number,Date,Timestamp,Elapsed Time (seconds),Elapsed Time (minutes),Gas Sensor 1 Raw,Gas Sensor 1 Voltage (V),Gas Sensor 2 Raw,Gas Sensor 2 Voltage (V),Gas Sensor 3 Raw,Gas Sensor 3 Voltage (V),Temperature (C),Humidity (%),Pressure (hPa),BME680 Gas Resistance (kOhms)
1,2026-07-21,2026-07-21 06:28:44 PM,30.048,0.5008,4758,0.5948,4260,0.5325,8027,1.0034,26.6,40.77,992.9,126.76
2,2026-07-21,2026-07-21 06:29:14 PM,60.028,1.0005,4742,0.5928,4231,0.5289,8054,1.0068,26.75,40.28,992.94,132.57
3,2026-07-21,2026-07-21 06:29:44 PM,90.034,1.5006,4739,0.5924,4209,0.5261,8079,1.0099,26.85,40.06,992.99,133.61
4,2026-07-21,2026-07-21 06:30:14 PM,120.023,2.0004,4749,0.5936,4191,0.5239,8105,1.0131,26.91,39.91,992.96,133.51
5,2026-07-21,2026-07-21 06:30:44 PM,150.021,2.5003,4762,0.5953,4181,0.5226,8126,1.0158,26.97,39.77,992.95,133.72
6,2026-07-21,2026-07-21 06:31:14 PM,180.034,3.0006,4778,0.5973,4163,0.5204,8145,1.0181,27.01,39.71,992.95,132.57
7,2026-07-21,2026-07-21 06:31:44 PM,210.042,3.5007,4796,0.5995,4151,0.5189,8167,1.0209,27.05,39.63,992.97,132.06
8,2026-07-21,2026-07-21 06:32:14 PM,240.021,4.0003,4816,0.602,4138,0.5173,8180,1.0225,27.08,39.58,992.97,131.76
9,2026-07-21,2026-07-21 06:32:44 PM,270.011,4.5002,4837,0.6046,4123,0.5154,8214,1.0268,27.11,39.54,992.94,130.74
10,2026-07-21,2026-07-21 06:33:14 PM,300.011,5.0002,4859,0.6074,4108,0.5135,8232,1.029,27.15,39.49,992.95,130.74
11,2026-07-21,2026-07-21 06:33:44 PM,330.018,5.5003,4880,0.61,4096,0.512,8256,1.032,27.18,39.45,992.94,130.65
12,2026-07-21,2026-07-21 06:34:14 PM,360.005,6.0001,4901,0.6126,4084,0.5105,8281,1.0351,27.2,39.42,992.91,130.15
13,2026-07-21,2026-07-21 06:34:44 PM,390.018,6.5003,4927,0.6159,4071,0.5089,8298,1.0373,27.23,39.38,992.96,128.29
14,2026-07-21,2026-07-21 06:35:14 PM,420.001,7.0,4952,0.619,4059,0.5074,8323,1.0404,27.26,39.36,992.97,128.1
15,2026-07-21,2026-07-21 06:35:44 PM,450.007,7.5001,4972,0.6215,4050,0.5063,8341,1.0426,27.29,39.32,992.96,127.81
16,2026-07-21,2026-07-21 06:36:14 PM,480.002,8.0,5001,0.6251,4043,0.5054,8368,1.046,27.31,39.3,992.96,127.14
17,2026-07-21,2026-07-21 06:36:44 PM,510.195,8.5032,5023,0.6279,4024,0.503,8385,1.0481,27.33,39.27,992.95,126.76
18,2026-07-21,2026-07-21 06:37:14 PM,540.026,9.0004,5045,0.6306,4017,0.5021,8400,1.05,27.35,39.24,992.94,126.2
19,2026-07-21,2026-07-21 06:37:44 PM,570.147,9.5024,5071,0.6339,4007,0.5009,8422,1.0527,27.38,39.23,992.91,125.46
20,2026-07-21,2026-07-21 06:38:14 PM,600.012,10.0002,5095,0.6369,4001,0.5001,8443,1.0554,27.39,39.2,992.92,124.82
21,2026-07-21,2026-07-21 06:38:44 PM,630.003,10.5001,5115,0.6394,3992,0.499,8460,1.0575,27.41,39.19,992.92,124.82
22,2026-07-21,2026-07-21 06:39:14 PM,660.212,11.0035,5138,0.6423,3981,0.4976,8475,1.0594,27.42,39.18,992.89,123.91
23,2026-07-21,2026-07-21 06:39:44 PM,690.197,11.5033,5161,0.6451,3971,0.4964,8494,1.0618,27.44,39.16,992.88,124.09
24,2026-07-21,2026-07-21 06:40:14 PM,720.006,12.0001,5183,0.6479,3962,0.4953,8514,1.0642,27.45,39.15,992.86,122.93
25,2026-07-21,2026-07-21 06:40:44 PM,750.014,12.5002,5205,0.6506,3954,0.4943,8529,1.0661,27.47,39.15,992.89,123.28
26,2026-07-21,2026-07-21 06:41:14 PM,780.202,13.0034,5226,0.6533,3947,0.4934,8547,1.0684,27.48,39.13,992.87,122.05
27,2026-07-21,2026-07-21 06:41:44 PM,810.004,13.5001,5251,0.6564,3933,0.4916,8563,1.0704,27.48,39.11,992.86,122.14
28,2026-07-21,2026-07-21 06:42:14 PM,840.006,14.0001,5274,0.6593,3924,0.4905,8585,1.0731,27.49,39.11,992.83,121.36
29,2026-07-21,2026-07-21 06:42:44 PM,870.005,14.5001,5293,0.6616,3918,0.4898,8600,1.075,27.5,39.11,992.8,120.58
30,2026-07-21,2026-07-21 06:43:14 PM,900.202,15.0034,5316,0.6645,3911,0.4889,8615,1.0769,27.51,39.1,992.79,120.67
31,2026-07-21,2026-07-21 06:43:44 PM,930.198,15.5033,5337,0.6671,3898,0.4873,8628,1.0785,27.52,39.1,992.77,120.07
32,2026-07-21,2026-07-21 06:44:14 PM,960.197,16.0033,5360,0.67,3893,0.4866,8642,1.0803,27.52,39.08,992.73,119.49
33,2026-07-21,2026-07-21 06:44:44 PM,990.0,16.5,5380,0.6725,3884,0.4855,8657,1.0821,27.52,39.08,992.71,119.57
34,2026-07-21,2026-07-21 06:45:14 PM,1020.197,17.0033,5404,0.6755,3875,0.4844,8675,1.0844,27.53,39.09,992.7,118.74
35,2026-07-21,2026-07-21 06:45:44 PM,1050.01,17.5002,5423,0.6779,3870,0.4838,8692,1.0865,27.53,39.08,992.68,118.57
36,2026-07-21,2026-07-21 06:46:14 PM,1080.192,18.0032,5447,0.6809,3861,0.4826,8706,1.0883,27.54,39.09,992.67,118.08
37,2026-07-21,2026-07-21 06:46:44 PM,1110.196,18.5033,5472,0.684,3851,0.4814,8718,1.0898,27.54,39.08,992.58,117.43
38,2026-07-21,2026-07-21 06:47:14 PM,1140.189,19.0031,5494,0.6868,3839,0.4799,8734,1.0918,27.54,39.07,992.6,117.27
39,2026-07-21,2026-07-21 06:47:44 PM,1170.181,19.503,5514,0.6893,3832,0.479,8750,1.0938,27.55,39.07,992.52,116.63
40,2026-07-21,2026-07-21 06:48:14 PM,1200.182,20.003,5538,0.6923,3823,0.4779,8771,1.0964,27.56,39.07,992.49,116.95
41,2026-07-21,2026-07-21 06:48:44 PM,1230.185,20.5031,5560,0.695,3823,0.4779,8782,1.0978,27.57,39.06,992.45,116.39
42,2026-07-21,2026-07-21 06:49:14 PM,1260.179,21.003,5582,0.6978,3813,0.4766,8799,1.0999,27.59,39.06,992.43,116.15
43,2026-07-21,2026-07-21 06:49:44 PM,1290.008,21.5001,5605,0.7006,3806,0.4758,8813,1.1016,27.6,39.03,992.36,115.21
44,2026-07-21,2026-07-21 06:50:14 PM,1320.186,22.0031,5628,0.7035,3804,0.4755,8831,1.1039,27.62,39.03,992.42,114.9
45,2026-07-21,2026-07-21 06:50:44 PM,1350.194,22.5032,5649,0.7061,3798,0.4748,8845,1.1056,27.63,39.01,992.32,114.82
46,2026-07-21,2026-07-21 06:51:14 PM,1380.191,23.0032,5673,0.7091,3797,0.4746,8861,1.1076,27.65,39.02,992.3,114.44
47,2026-07-21,2026-07-21 06:51:44 PM,1410.184,23.5031,5698,0.7123,3783,0.4729,8873,1.1091,27.67,38.99,992.26,114.36
48,2026-07-21,2026-07-21 06:52:14 PM,1440.001,24.0,5720,0.715,3787,0.4734,8894,1.1118,27.69,38.98,992.26,113.45
49,2026-07-21,2026-07-21 06:52:44 PM,1470.186,24.5031,5746,0.7183,3779,0.4724,8911,1.1139,27.71,38.98,992.24,113.53
50,2026-07-21,2026-07-21 06:53:14 PM,1500.203,25.0034,5770,0.7213,3776,0.472,8923,1.1154,27.73,38.97,992.23,113.15
51,2026-07-21,2026-07-21 06:53:44 PM,1530.186,25.5031,5795,0.7244,3770,0.4713,8941,1.1176,27.75,38.96,992.22,112.85
52,2026-07-21,2026-07-21 06:54:14 PM,1560.186,26.0031,5817,0.7271,3768,0.471,8958,1.1198,27.77,38.94,992.22,112.11
53,2026-07-21,2026-07-21 06:54:44 PM,1590.196,26.5033,5840,0.73,3767,0.4709,8972,1.1215,27.8,38.94,992.23,111.45
54,2026-07-21,2026-07-21 06:55:14 PM,1620.016,27.0003,5861,0.7326,3763,0.4704,8992,1.124,27.82,38.93,992.23,110.94
55,2026-07-21,2026-07-21 06:55:44 PM,1650.19,27.5032,5890,0.7363,3763,0.4704,9004,1.1255,27.84,38.92,992.25,110.73
56,2026-07-21,2026-07-21 06:56:14 PM,1680.18,28.003,5911,0.7389,3753,0.4691,9023,1.1279,27.86,38.92,992.25,111.3
57,2026-07-21,2026-07-21 06:56:44 PM,1710.2,28.5033,5937,0.7421,3751,0.4689,9036,1.1295,27.88,38.93,992.27,110.58
58,2026-07-21,2026-07-21 06:57:14 PM,1740.195,29.0033,5957,0.7446,3748,0.4685,9049,1.1311,27.9,38.92,992.27,110.08
59,2026-07-21,2026-07-21 06:57:44 PM,1770.19,29.5032,5980,0.7475,3749,0.4686,9072,1.134,27.92,38.91,992.31,109.52
60,2026-07-21,2026-07-21 06:58:14 PM,1800.176,30.0029,6005,0.7506,3745,0.4681,9084,1.1355,27.93,38.91,992.28,109.31
61,2026-07-21,2026-07-21 06:58:44 PM,1830.172,30.5029,6024,0.753,3740,0.4675,9097,1.1371,27.95,38.92,992.3,109.24
62,2026-07-21,2026-07-21 06:59:14 PM,1860.184,31.0031,6047,0.7559,3732,0.4665,9110,1.1388,27.95,38.93,992.32,109.24
63,2026-07-21,2026-07-21 06:59:44 PM,1890.172,31.5029,6067,0.7584,3733,0.4666,9125,1.1406,27.96,38.96,992.3,108.2
64,2026-07-21,2026-07-21 07:00:14 PM,1920.173,32.0029,6087,0.7609,3732,0.4665,9138,1.1423,27.96,38.96,992.3,108.54
65,2026-07-21,2026-07-21 07:00:44 PM,1950.19,32.5032,6108,0.7635,3725,0.4656,9150,1.1438,27.97,38.98,992.27,107.52
66,2026-07-21,2026-07-21 07:01:14 PM,1980.179,33.003,6127,0.7659,3721,0.4651,9162,1.1453,27.97,38.98,992.25,108.06
67,2026-07-21,2026-07-21 07:01:44 PM,2010.178,33.503,6148,0.7685,3715,0.4644,9176,1.147,27.96,38.99,992.24,108.06
68,2026-07-21,2026-07-21 07:02:14 PM,2040.184,34.0031,6168,0.771,3712,0.464,9185,1.1481,27.96,39.03,992.22,106.84
69,2026-07-21,2026-07-21 07:02:44 PM,2070.184,34.5031,6184,0.773,3702,0.4628,9201,1.1501,27.96,39.04,992.24,107.32
70,2026-07-21,2026-07-21 07:03:14 PM,2100.176,35.0029,6205,0.7756,3697,0.4621,9215,1.1519,27.95,39.04,992.23,106.51
71,2026-07-21,2026-07-21 07:03:44 PM,2130.164,35.5027,6225,0.7781,3696,0.462,9221,1.1526,27.95,39.06,992.25,106.58
72,2026-07-21,2026-07-21 07:04:14 PM,2160.17,36.0028,6243,0.7804,3688,0.461,9236,1.1545,27.95,39.07,992.25,106.25
73,2026-07-21,2026-07-21 07:04:44 PM,2190.188,36.5031,6261,0.7826,3686,0.4608,9249,1.1561,27.95,39.09,992.23,106.05
74,2026-07-21,2026-07-21 07:05:14 PM,2220.164,37.0027,6279,0.7849,3682,0.4603,9260,1.1575,27.95,39.09,992.25,106.05
75,2026-07-21,2026-07-21 07:05:44 PM,2250.172,37.5029,6300,0.7875,3676,0.4595,9272,1.159,27.96,39.11,992.27,105.46
76,2026-07-21,2026-07-21 07:06:14 PM,2280.166,38.0028,6320,0.79,3675,0.4594,9282,1.1603,27.97,39.11,992.26,105.07
77,2026-07-21,2026-07-21 07:06:44 PM,2310.172,38.5029,6335,0.7919,3670,0.4588,9296,1.162,27.97,39.1,992.24,105.0
78,2026-07-21,2026-07-21 07:07:14 PM,2340.169,39.0028,6358,0.7948,3672,0.459,9311,1.1639,27.98,39.09,992.24,104.55
79,2026-07-21,2026-07-21 07:07:44 PM,2370.186,39.5031,6378,0.7973,3667,0.4584,9320,1.165,27.99,39.1,992.24,104.49
80,2026-07-21,2026-07-21 07:08:14 PM,2400.183,40.003,6399,0.7999,3666,0.4583,9335,1.1669,28.0,39.1,992.27,104.55
81,2026-07-21,2026-07-21 07:08:44 PM,2430.192,40.5032,6420,0.8025,3667,0.4584,9346,1.1683,28.01,39.1,992.25,104.04
82,2026-07-21,2026-07-21 07:09:14 PM,2460.187,41.0031,6442,0.8053,3659,0.4574,9363,1.1704,28.03,39.09,992.31,103.85
83,2026-07-21,2026-07-21 07:09:44 PM,2490.172,41.5029,6459,0.8074,3658,0.4573,9375,1.1719,28.04,39.08,992.37,103.41
84,2026-07-21,2026-07-21 07:10:14 PM,2520.172,42.0029,6480,0.81,3653,0.4566,9387,1.1734,28.06,39.1,992.38,103.16
85,2026-07-21,2026-07-21 07:10:44 PM,2550.171,42.5029,6502,0.8128,3653,0.4566,9398,1.1748,28.08,39.09,992.4,103.04
86,2026-07-21,2026-07-21 07:11:14 PM,2580.195,43.0032,6520,0.815,3645,0.4556,9416,1.177,28.1,39.08,992.43,102.48
87,2026-07-21,2026-07-21 07:11:44 PM,2610.177,43.5029,6541,0.8176,3643,0.4554,9423,1.1779,28.12,39.07,992.44,102.61
88,2026-07-21,2026-07-21 07:12:14 PM,2640.168,44.0028,6562,0.8203,3643,0.4554,9440,1.18,28.14,39.06,992.43,102.05
89,2026-07-21,2026-07-21 07:12:44 PM,2670.172,44.5029,6583,0.8229,3644,0.4555,9452,1.1815,28.16,39.06,992.46,102.24
90,2026-07-21,2026-07-21 07:13:14 PM,2700.195,45.0033,6603,0.8254,3642,0.4553,9463,1.1829,28.17,39.06,992.45,101.21
91,2026-07-21,2026-07-21 07:13:44 PM,2730.156,45.5026,6626,0.8283,3642,0.4553,9477,1.1846,28.19,39.04,992.47,100.91
92,2026-07-21,2026-07-21 07:14:14 PM,2760.179,46.003,6646,0.8308,3640,0.455,9492,1.1865,28.22,39.05,992.46,101.03
93,2026-07-21,2026-07-21 07:14:44 PM,2790.16,46.5027,6669,0.8336,3640,0.455,9505,1.1881,28.24,39.04,992.48,100.79
94,2026-07-21,2026-07-21 07:15:14 PM,2820.159,47.0027,6686,0.8358,3632,0.454,9520,1.19,28.26,39.04,992.47,100.37
95,2026-07-21,2026-07-21 07:15:44 PM,2850.162,47.5027,6706,0.8383,3640,0.455,9529,1.1911,28.28,39.04,992.45,99.9
96,2026-07-21,2026-07-21 07:16:14 PM,2880.171,48.0028,6727,0.8409,3634,0.4543,9543,1.1929,28.3,39.03,992.47,99.84
97,2026-07-21,2026-07-21 07:16:44 PM,2910.158,48.5026,6745,0.8431,3633,0.4541,9554,1.1943,28.31,39.04,992.48,99.44
98,2026-07-21,2026-07-21 07:17:14 PM,2940.157,49.0026,6764,0.8455,3634,0.4543,9569,1.1961,28.32,39.03,992.51,99.55
99,2026-07-21,2026-07-21 07:17:44 PM,2970.165,49.5028,6781,0.8476,3627,0.4534,9580,1.1975,28.33,39.05,992.55,99.26
100,2026-07-21,2026-07-21 07:18:14 PM,3000.155,50.0026,6801,0.8501,3627,0.4534,9591,1.1989,28.34,39.04,992.56,98.97
101,2026-07-21,2026-07-21 07:18:44 PM,3030.146,50.5024,6815,0.8519,3628,0.4535,9602,1.2003,28.34,39.06,992.58,98.86
102,2026-07-21,2026-07-21 07:19:14 PM,3060.154,51.0026,6833,0.8541,3627,0.4534,9612,1.2015,28.35,39.07,992.63,98.63
103,2026-07-21,2026-07-21 07:19:44 PM,3090.151,51.5025,6851,0.8564,3626,0.4533,9624,1.203,28.35,39.08,992.63,98.35
104,2026-07-21,2026-07-21 07:20:14 PM,3120.159,52.0027,6868,0.8585,3618,0.4523,9636,1.2045,28.35,39.11,992.64,98.35
105,2026-07-21,2026-07-21 07:20:44 PM,3150.163,52.5027,6880,0.86,3618,0.4523,9648,1.206,28.34,39.13,992.67,98.01
106,2026-07-21,2026-07-21 07:21:14 PM,3180.155,53.0026,6895,0.8619,3618,0.4523,9657,1.2071,28.34,39.16,992.68,98.23
107,2026-07-21,2026-07-21 07:21:44 PM,3210.148,53.5025,6909,0.8636,3614,0.4518,9669,1.2086,28.33,39.15,992.69,97.73
108,2026-07-21,2026-07-21 07:22:14 PM,3240.15,54.0025,6926,0.8658,3618,0.4523,9677,1.2096,28.32,39.17,992.7,97.84
109,2026-07-21,2026-07-21 07:22:44 PM,3270.153,54.5025,6939,0.8674,3606,0.4508,9684,1.2105,28.31,39.21,992.72,97.62
110,2026-07-21,2026-07-21 07:23:14 PM,3300.154,55.0026,6953,0.8691,3607,0.4509,9692,1.2115,28.3,39.23,992.69,97.45
111,2026-07-21,2026-07-21 07:23:44 PM,3330.146,55.5024,6967,0.8709,3605,0.4506,9701,1.2126,28.29,39.25,992.71,97.28
112,2026-07-21,2026-07-21 07:24:14 PM,3360.133,56.0022,6984,0.873,3602,0.4503,9709,1.2136,28.28,39.26,992.71,96.79
113,2026-07-21,2026-07-21 07:24:44 PM,3390.152,56.5025,6993,0.8741,3596,0.4495,9715,1.2144,28.27,39.28,992.67,96.9
114,2026-07-21,2026-07-21 07:25:14 PM,3420.145,57.0024,7008,0.876,3593,0.4491,9727,1.2159,28.25,39.31,992.67,96.68
115,2026-07-21,2026-07-21 07:25:44 PM,3450.148,57.5025,7018,0.8773,3591,0.4489,9736,1.217,28.24,39.33,992.67,96.79
116,2026-07-21,2026-07-21 07:26:14 PM,3480.144,58.0024,7036,0.8795,3581,0.4476,9746,1.2183,28.23,39.34,992.69,96.51
117,2026-07-21,2026-07-21 07:26:44 PM,3510.142,58.5024,7047,0.8809,3579,0.4474,9751,1.2189,28.22,39.35,992.67,96.35
118,2026-07-21,2026-07-21 07:27:14 PM,3540.146,59.0024,7060,0.8825,3579,0.4474,9754,1.2193,28.21,39.38,992.67,96.29
119,2026-07-21,2026-07-21 07:27:44 PM,3570.144,59.5024,7073,0.8841,3573,0.4466,9766,1.2208,28.21,39.36,992.67,95.81
120,2026-07-21,2026-07-21 07:28:14 PM,3600.137,60.0023,7083,0.8854,3568,0.446,9772,1.2215,28.2,39.38,992.67,95.97
121,2026-07-21,2026-07-21 07:28:44 PM,3630.143,60.5024,7097,0.8871,3565,0.4456,9783,1.2229,28.2,39.39,992.68,96.02
122,2026-07-21,2026-07-21 07:29:14 PM,3660.158,61.0026,7113,0.8891,3557,0.4446,9794,1.2243,28.2,39.39,992.68,95.7
123,2026-07-21,2026-07-21 07:29:44 PM,3690.142,61.5024,7129,0.8911,3558,0.4448,9810,1.2263,28.2,39.38,992.71,95.59
124,2026-07-21,2026-07-21 07:30:14 PM,3720.141,62.0024,7148,0.8935,3556,0.4445,9832,1.229,28.21,39.38,992.69,95.17
125,2026-07-21,2026-07-21 07:30:44 PM,3750.151,62.5025,7163,0.8954,3552,0.444,9855,1.2319,28.21,39.37,992.72,95.11
126,2026-07-21,2026-07-21 07:31:14 PM,3780.16,63.0027,7182,0.8978,3554,0.4443,9875,1.2344,28.22,39.39,992.73,94.85
127,2026-07-21,2026-07-21 07:31:44 PM,3810.131,63.5022,7196,0.8995,3552,0.444,9890,1.2363,28.23,39.37,992.76,94.74
128,2026-07-21,2026-07-21 07:32:14 PM,3840.136,64.0023,7212,0.9015,3554,0.4443,9904,1.238,28.24,39.36,992.79,94.22
129,2026-07-21,2026-07-21 07:32:44 PM,3870.136,64.5023,7227,0.9034,3550,0.4438,9915,1.2394,28.25,39.34,992.8,94.32
130,2026-07-21,2026-07-21 07:33:14 PM,3900.133,65.0022,7242,0.9053,3552,0.444,9928,1.241,28.26,39.35,992.83,93.96
131,2026-07-21,2026-07-21 07:33:44 PM,3930.135,65.5022,7257,0.9071,3548,0.4435,9940,1.2425,28.28,39.35,992.81,94.01
132,2026-07-21,2026-07-21 07:34:14 PM,3960.13,66.0022,7275,0.9094,3552,0.444,9954,1.2443,28.29,39.32,992.81,93.86
133,2026-07-21,2026-07-21 07:34:44 PM,3990.128,66.5021,7294,0.9118,3546,0.4433,9967,1.2459,28.3,39.33,992.83,93.81
134,2026-07-21,2026-07-21 07:35:14 PM,4020.129,67.0021,7305,0.9131,3547,0.4434,9978,1.2473,28.32,39.33,992.81,92.32
135,2026-07-21,2026-07-21 07:35:44 PM,4050.121,67.502,7322,0.9153,3546,0.4433,9993,1.2491,28.33,39.3,992.82,92.22
136,2026-07-21,2026-07-21 07:36:14 PM,4080.13,68.0022,7337,0.9171,3545,0.4431,10004,1.2505,28.35,39.31,992.79,92.02
137,2026-07-21,2026-07-21 07:36:44 PM,4110.126,68.5021,7353,0.9191,3549,0.4436,10017,1.2521,28.36,39.31,992.81,91.62
138,2026-07-21,2026-07-21 07:37:14 PM,4140.126,69.0021,7366,0.9208,3545,0.4431,10029,1.2536,28.37,39.3,992.77,91.62
139,2026-07-21,2026-07-21 07:37:44 PM,4170.122,69.502,7376,0.922,3541,0.4426,10046,1.2558,28.38,39.29,992.75,91.53
140,2026-07-21,2026-07-21 07:38:14 PM,4200.133,70.0022,7391,0.9239,3547,0.4434,10054,1.2568,28.39,39.29,992.76,91.33
141,2026-07-21,2026-07-21 07:38:44 PM,4230.132,70.5022,7408,0.926,3540,0.4425,10067,1.2584,28.39,39.3,992.73,90.94
142,2026-07-21,2026-07-21 07:39:14 PM,4260.12,71.002,7417,0.9271,3545,0.4431,10074,1.2593,28.4,39.32,992.76,91.23
143,2026-07-21,2026-07-21 07:39:44 PM,4290.135,71.5022,7428,0.9285,3543,0.4429,10085,1.2606,28.4,39.32,992.71,91.04
144,2026-07-21,2026-07-21 07:40:14 PM,4320.123,72.002,7438,0.9298,3542,0.4428,10091,1.2614,28.39,39.34,992.71,90.65
145,2026-07-21,2026-07-21 07:40:44 PM,4350.13,72.5022,7450,0.9313,3539,0.4424,10102,1.2628,28.39,39.36,992.7,90.75
146,2026-07-21,2026-07-21 07:41:14 PM,4380.129,73.0022,7459,0.9324,3541,0.4426,10109,1.2636,28.38,39.37,992.71,90.56
147,2026-07-21,2026-07-21 07:41:44 PM,4410.132,73.5022,7472,0.934,3538,0.4423,10118,1.2648,28.37,39.39,992.74,90.56
148,2026-07-21,2026-07-21 07:42:14 PM,4440.126,74.0021,7478,0.9348,3538,0.4423,10125,1.2656,28.36,39.39,992.76,90.27
149,2026-07-21,2026-07-21 07:42:44 PM,4470.125,74.5021,7489,0.9361,3530,0.4413,10128,1.266,28.35,39.41,992.75,89.89
150,2026-07-21,2026-07-21 07:43:14 PM,4500.125,75.0021,7502,0.9378,3532,0.4415,10139,1.2674,28.34,39.44,992.77,89.98
151,2026-07-21,2026-07-21 07:43:44 PM,4530.126,75.5021,7507,0.9384,3529,0.4411,10144,1.268,28.33,39.45,992.79,89.79
152,2026-07-21,2026-07-21 07:44:14 PM,4560.121,76.002,7512,0.939,3530,0.4413,10155,1.2694,28.31,39.46,992.81,89.79
153,2026-07-21,2026-07-21 07:44:44 PM,4590.111,76.5018,7519,0.9399,3526,0.4408,10155,1.2694,28.3,39.48,992.86,89.98
154,2026-07-21,2026-07-21 07:45:14 PM,4620.107,77.0018,7527,0.9409,3524,0.4405,10161,1.2701,28.28,39.5,992.86,89.7
155,2026-07-21,2026-07-21 07:45:44 PM,4650.117,77.5019,7533,0.9416,3516,0.4395,10167,1.2709,28.27,39.51,992.87,89.7
156,2026-07-21,2026-07-21 07:46:14 PM,4680.117,78.0019,7541,0.9426,3517,0.4396,10174,1.2718,28.25,39.52,992.9,89.23
157,2026-07-21,2026-07-21 07:46:44 PM,4710.12,78.502,7547,0.9434,3519,0.4399,10176,1.272,28.24,39.52,992.88,88.95
158,2026-07-21,2026-07-21 07:47:14 PM,4740.112,79.0019,7556,0.9445,3510,0.4388,10186,1.2733,28.23,39.54,992.91,89.7
159,2026-07-21,2026-07-21 07:47:44 PM,4770.1,79.5017,7563,0.9454,3510,0.4388,10190,1.2738,28.22,39.54,992.91,89.23
160,2026-07-21,2026-07-21 07:48:14 PM,4800.101,80.0017,7571,0.9464,3509,0.4386,10197,1.2746,28.22,39.54,992.92,88.95
161,2026-07-21,2026-07-21 07:48:44 PM,4830.112,80.5019,7579,0.9474,3501,0.4376,10204,1.2755,28.21,39.56,992.92,89.04
162,2026-07-21,2026-07-21 07:49:14 PM,4860.106,81.0018,7591,0.9489,3503,0.4379,10210,1.2763,28.21,39.54,992.93,89.23
163,2026-07-21,2026-07-21 07:49:44 PM,4890.105,81.5018,7597,0.9496,3506,0.4383,10215,1.2769,28.21,39.55,992.94,88.86
164,2026-07-21,2026-07-21 07:50:14 PM,4920.114,82.0019,7607,0.9509,3498,0.4373,10227,1.2784,28.21,39.54,992.95,88.95
165,2026-07-21,2026-07-21 07:50:44 PM,4950.109,82.5018,7614,0.9518,3501,0.4376,10234,1.2793,28.22,39.53,992.97,89.32
166,2026-07-21,2026-07-21 07:51:14 PM,4980.111,83.0019,7628,0.9535,3498,0.4373,10240,1.28,28.23,39.53,993.0,88.67
167,2026-07-21,2026-07-21 07:51:44 PM,5010.115,83.5019,7637,0.9546,3495,0.4369,10248,1.281,28.23,39.52,992.98,88.58
168,2026-07-21,2026-07-21 07:52:14 PM,5040.107,84.0018,7645,0.9556,3502,0.4378,10257,1.2821,28.24,39.52,992.99,87.94
169,2026-07-21,2026-07-21 07:52:44 PM,5070.105,84.5018,7663,0.9579,3499,0.4374,10259,1.2824,28.25,39.51,992.99,88.95
170,2026-07-21,2026-07-21 07:53:14 PM,5100.101,85.0017,7673,0.9591,3500,0.4375,10269,1.2836,28.26,39.48,992.96,88.21
171,2026-07-21,2026-07-21 07:53:44 PM,5130.108,85.5018,7680,0.96,3498,0.4373,10280,1.285,28.27,39.48,992.97,88.21
172,2026-07-21,2026-07-21 07:54:14 PM,5160.107,86.0018,7690,0.9613,3502,0.4378,10287,1.2859,28.28,39.47,992.94,87.85
173,2026-07-21,2026-07-21 07:54:44 PM,5190.107,86.5018,7701,0.9626,3495,0.4369,10298,1.2873,28.29,39.46,992.97,87.85
174,2026-07-21,2026-07-21 07:55:14 PM,5220.108,87.0018,7711,0.9639,3495,0.4369,10305,1.2881,28.31,39.47,992.92,87.31
175,2026-07-21,2026-07-21 07:55:44 PM,5250.099,87.5016,7725,0.9656,3498,0.4373,10312,1.289,28.32,39.45,992.88,87.76
176,2026-07-21,2026-07-21 07:56:14 PM,5280.106,88.0018,7735,0.9669,3497,0.4371,10323,1.2904,28.33,39.44,992.87,87.31
177,2026-07-21,2026-07-21 07:56:44 PM,5310.094,88.5016,7743,0.9679,3499,0.4374,10330,1.2913,28.34,39.43,992.84,87.13
178,2026-07-21,2026-07-21 07:57:14 PM,5340.098,89.0016,7754,0.9693,3499,0.4374,10335,1.2919,28.35,39.43,992.83,86.78
179,2026-07-21,2026-07-21 07:57:44 PM,5370.094,89.5016,7759,0.9699,3496,0.437,10346,1.2933,28.37,39.42,992.82,87.13
180,2026-07-21,2026-07-21 07:58:14 PM,5400.098,90.0016,7773,0.9716,3502,0.4378,10355,1.2944,28.37,39.41,992.78,86.96
181,2026-07-21,2026-07-21 07:58:44 PM,5430.092,90.5015,7782,0.9728,3504,0.438,10361,1.2951,28.38,39.41,992.76,86.6
182,2026-07-21,2026-07-21 07:59:14 PM,5460.092,91.0015,7792,0.974,3499,0.4374,10368,1.296,28.39,39.42,992.79,86.96
183,2026-07-21,2026-07-21 07:59:44 PM,5490.086,91.5014,7800,0.975,3502,0.4378,10377,1.2971,28.4,39.43,992.8,86.17
184,2026-07-21,2026-07-21 08:00:14 PM,5520.088,92.0015,7805,0.9756,3499,0.4374,10381,1.2976,28.4,39.43,992.77,86.17
185,2026-07-21,2026-07-21 08:00:44 PM,5550.092,92.5015,7811,0.9764,3500,0.4375,10393,1.2991,28.4,39.44,992.79,86.43
186,2026-07-21,2026-07-21 08:01:14 PM,5580.087,93.0014,7822,0.9778,3497,0.4371,10393,1.2991,28.4,39.45,992.83,86.69
187,2026-07-21,2026-07-21 08:01:44 PM,5610.096,93.5016,7827,0.9784,3496,0.437,10400,1.3,28.39,39.44,992.84,86.08
188,2026-07-21,2026-07-21 08:02:14 PM,5640.094,94.0016,7829,0.9786,3498,0.4373,10410,1.3013,28.39,39.45,992.83,85.82
189,2026-07-21,2026-07-21 08:02:44 PM,5670.094,94.5016,7837,0.9796,3496,0.437,10415,1.3019,28.38,39.48,992.81,85.65
190,2026-07-21,2026-07-21 08:03:14 PM,5700.088,95.0015,7839,0.9799,3492,0.4365,10418,1.3023,28.37,39.5,992.85,85.65
191,2026-07-21,2026-07-21 08:03:44 PM,5730.089,95.5015,7846,0.9808,3491,0.4364,10424,1.303,28.36,39.51,992.82,85.91
192,2026-07-21,2026-07-21 08:04:14 PM,5760.095,96.0016,7857,0.9821,3488,0.436,10432,1.304,28.35,39.53,992.82,85.91
193,2026-07-21,2026-07-21 08:04:44 PM,5790.084,96.5014,7857,0.9821,3485,0.4356,10436,1.3045,28.34,39.53,992.8,85.47
194,2026-07-21,2026-07-21 08:05:14 PM,5820.086,97.0014,7863,0.9829,3484,0.4355,10439,1.3049,28.32,39.56,992.78,85.73
195,2026-07-21,2026-07-21 08:05:44 PM,5850.084,97.5014,7866,0.9833,3481,0.4351,10444,1.3055,28.31,39.57,992.74,85.91
196,2026-07-21,2026-07-21 08:06:14 PM,5880.082,98.0014,7870,0.9838,3480,0.435,10449,1.3061,28.29,39.59,992.73,85.99
197,2026-07-21,2026-07-21 08:06:44 PM,5910.092,98.5015,7870,0.9838,3474,0.4343,10451,1.3064,28.27,39.6,992.69,85.73
198,2026-07-21,2026-07-21 08:07:14 PM,5940.093,99.0015,7873,0.9841,3472,0.434,10452,1.3065,28.26,39.62,992.68,85.91
199,2026-07-21,2026-07-21 08:07:44 PM,5970.073,99.5012,7877,0.9846,3470,0.4338,10457,1.3071,28.24,39.62,992.66,85.73
200,2026-07-21,2026-07-21 08:08:14 PM,6000.085,100.0014,7879,0.9849,3461,0.4326,10461,1.3076,28.22,39.65,992.66,85.91
201,2026-07-21,2026-07-21 08:08:44 PM,6030.08,100.5013,7878,0.9848,3464,0.433,10465,1.3081,28.21,39.65,992.67,85.39
202,2026-07-21,2026-07-21 08:09:14 PM,6060.089,101.0015,7879,0.9849,3460,0.4325,10467,1.3084,28.2,39.65,992.65,85.22
203,2026-07-21,2026-07-21 08:09:44 PM,6090.081,101.5013,7885,0.9856,3460,0.4325,10469,1.3086,28.18,39.65,992.65,85.56
204,2026-07-21,2026-07-21 08:10:14 PM,6120.086,102.0014,7889,0.9861,3456,0.432,10476,1.3095,28.18,39.65,992.67,84.88
205,2026-07-21,2026-07-21 08:10:44 PM,6150.074,102.5012,7894,0.9868,3456,0.432,10484,1.3105,28.17,39.67,992.67,85.13
206,2026-07-21,2026-07-21 08:11:14 PM,6180.073,103.0012,7894,0.9868,3449,0.4311,10486,1.3108,28.17,39.67,992.7,84.8
207,2026-07-21,2026-07-21 08:11:44 PM,6210.065,103.5011,7901,0.9876,3453,0.4316,10494,1.3118,28.17,39.63,992.71,84.88
208,2026-07-21,2026-07-21 08:12:14 PM,6240.079,104.0013,7907,0.9884,3452,0.4315,10498,1.3123,28.17,39.64,992.73,85.13
209,2026-07-21,2026-07-21 08:12:44 PM,6270.079,104.5013,7915,0.9894,3449,0.4311,10507,1.3134,28.17,39.64,992.75,84.8
210,2026-07-21,2026-07-21 08:13:14 PM,6300.068,105.0011,7921,0.9901,3446,0.4308,10512,1.314,28.18,39.63,992.74,84.46
211,2026-07-21,2026-07-21 08:13:44 PM,6330.073,105.5012,7927,0.9909,3448,0.431,10515,1.3144,28.19,39.61,992.76,84.54
212,2026-07-21,2026-07-21 08:14:14 PM,6360.078,106.0013,7939,0.9924,3451,0.4314,10521,1.3151,28.2,39.61,992.76,84.88
213,2026-07-21,2026-07-21 08:14:44 PM,6390.08,106.5013,7943,0.9929,3446,0.4308,10529,1.3161,28.2,39.6,992.78,84.46
214,2026-07-21,2026-07-21 08:15:14 PM,6420.076,107.0013,7953,0.9941,3452,0.4315,10528,1.316,28.21,39.59,992.73,84.29
215,2026-07-21,2026-07-21 08:15:44 PM,6450.077,107.5013,7959,0.9949,3448,0.431,10543,1.3179,28.22,39.58,992.73,84.29
216,2026-07-21,2026-07-21 08:16:14 PM,6480.063,108.001,7967,0.9959,3445,0.4306,10547,1.3184,28.24,39.56,992.73,83.88
217,2026-07-21,2026-07-21 08:16:44 PM,6510.074,108.5012,7969,0.9961,3449,0.4311,10555,1.3194,28.25,39.55,992.72,84.13
218,2026-07-21,2026-07-21 08:17:14 PM,6540.08,109.0013,7978,0.9973,3443,0.4304,10562,1.3203,28.26,39.54,992.68,84.29
219,2026-07-21,2026-07-21 08:17:44 PM,6570.067,109.5011,7985,0.9981,3445,0.4306,10568,1.321,28.26,39.53,992.68,84.04
220,2026-07-21,2026-07-21 08:18:14 PM,6600.065,110.0011,7992,0.999,3448,0.431,10574,1.3218,28.27,39.53,992.67,84.13
221,2026-07-21,2026-07-21 08:18:44 PM,6630.073,110.5012,7998,0.9998,3445,0.4306,10581,1.3226,28.28,39.51,992.65,83.96
222,2026-07-21,2026-07-21 08:19:14 PM,6660.059,111.001,8005,1.0006,3446,0.4308,10587,1.3234,28.29,39.52,992.66,83.96
223,2026-07-21,2026-07-21 08:19:44 PM,6690.069,111.5011,8011,1.0014,3447,0.4309,10593,1.3241,28.3,39.5,992.68,83.47
224,2026-07-21,2026-07-21 08:20:14 PM,6720.059,112.001,8014,1.0017,3445,0.4306,10601,1.3251,28.3,39.52,992.65,83.22
225,2026-07-21,2026-07-21 08:20:44 PM,6750.072,112.5012,8021,1.0026,3449,0.4311,10605,1.3256,28.31,39.52,992.68,83.88
226,2026-07-21,2026-07-21 08:21:14 PM,6780.067,113.0011,8025,1.0031,3441,0.4301,10609,1.3261,28.31,39.51,992.73,83.06
227,2026-07-21,2026-07-21 08:21:44 PM,6810.066,113.5011,8032,1.004,3447,0.4309,10614,1.3268,28.31,39.52,992.73,82.98
228,2026-07-21,2026-07-21 08:22:14 PM,6840.053,114.0009,8033,1.0041,3440,0.43,10622,1.3278,28.31,39.52,992.74,83.39
229,2026-07-21,2026-07-21 08:22:44 PM,6870.061,114.501,8041,1.0051,3439,0.4299,10625,1.3281,28.31,39.53,992.75,83.39
230,2026-07-21,2026-07-21 08:23:14 PM,6900.057,115.0009,8046,1.0058,3446,0.4308,10631,1.3289,28.31,39.54,992.75,83.22
231,2026-07-21,2026-07-21 08:23:44 PM,6930.071,115.5012,8049,1.0061,3442,0.4303,10634,1.3293,28.3,39.54,992.75,82.9
232,2026-07-21,2026-07-21 08:24:14 PM,6960.062,116.001,8050,1.0063,3443,0.4304,10642,1.3303,28.3,39.55,992.75,83.06
233,2026-07-21,2026-07-21 08:24:44 PM,6990.067,116.5011,8049,1.0061,3437,0.4296,10639,1.3299,28.29,39.55,992.76,82.66
234,2026-07-21,2026-07-21 08:25:14 PM,7020.057,117.0009,8053,1.0066,3440,0.43,10649,1.3311,28.28,39.58,992.77,82.58
235,2026-07-21,2026-07-21 08:25:44 PM,7050.047,117.5008,8051,1.0064,3436,0.4295,10652,1.3315,28.27,39.59,992.76,83.14
236,2026-07-21,2026-07-21 08:26:14 PM,7080.068,118.0011,8053,1.0066,3437,0.4296,10653,1.3316,28.26,39.61,992.77,82.98
237,2026-07-21,2026-07-21 08:26:44 PM,7110.068,118.5011,8055,1.0069,3432,0.429,10657,1.3321,28.24,39.61,992.77,83.22
238,2026-07-21,2026-07-21 08:27:14 PM,7140.054,119.0009,8059,1.0074,3432,0.429,10662,1.3328,28.23,39.63,992.78,83.06
239,2026-07-21,2026-07-21 08:27:44 PM,7170.056,119.5009,8060,1.0075,3428,0.4285,10663,1.3329,28.22,39.63,992.8,82.82
240,2026-07-21,2026-07-21 08:28:14 PM,7200.046,120.0008,8062,1.0078,3423,0.4279,10661,1.3326,28.2,39.66,992.81,83.06
241,2026-07-21,2026-07-21 08:28:44 PM,7230.049,120.5008,8059,1.0074,3425,0.4281,10665,1.3331,28.18,39.66,992.79,82.34
242,2026-07-21,2026-07-21 08:29:14 PM,7260.049,121.0008,8061,1.0076,3423,0.4279,10666,1.3333,28.17,39.68,992.83,82.58
243,2026-07-21,2026-07-21 08:29:44 PM,7290.05,121.5008,8062,1.0078,3422,0.4278,10671,1.3339,28.16,39.69,992.84,82.66
244,2026-07-21,2026-07-21 08:30:14 PM,7320.053,122.0009,8062,1.0078,3418,0.4273,10677,1.3346,28.15,39.7,992.87,82.42
245,2026-07-21,2026-07-21 08:30:44 PM,7350.049,122.5008,8063,1.0079,3414,0.4268,10679,1.3349,28.14,39.7,992.89,82.5
246,2026-07-21,2026-07-21 08:31:14 PM,7380.051,123.0008,8067,1.0084,3413,0.4266,10683,1.3354,28.13,39.7,992.88,82.58
247,2026-07-21,2026-07-21 08:31:44 PM,7410.048,123.5008,8068,1.0085,3413,0.4266,10683,1.3354,28.13,39.71,992.88,82.66
248,2026-07-21,2026-07-21 08:32:14 PM,7440.042,124.0007,8065,1.0081,3408,0.426,10689,1.3361,28.12,39.7,992.89,82.66
249,2026-07-21,2026-07-21 08:32:44 PM,7470.05,124.5008,8072,1.009,3405,0.4256,10695,1.3369,28.12,39.69,992.89,82.58
250,2026-07-21,2026-07-21 08:33:14 PM,7500.052,125.0009,8073,1.0091,3406,0.4258,10695,1.3369,28.12,39.7,992.9,82.1
251,2026-07-21,2026-07-21 08:33:44 PM,7530.043,125.5007,8079,1.0099,3409,0.4261,10699,1.3374,28.13,39.67,992.92,82.5
252,2026-07-21,2026-07-21 08:34:14 PM,7560.04,126.0007,8084,1.0105,3405,0.4256,10705,1.3381,28.13,39.68,992.9,82.74
253,2026-07-21,2026-07-21 08:34:44 PM,7590.038,126.5006,8084,1.0105,3406,0.4258,10708,1.3385,28.14,39.65,992.93,82.1
254,2026-07-21,2026-07-21 08:35:14 PM,7620.044,127.0007,8090,1.0113,3408,0.426,10713,1.3391,28.14,39.66,992.92,82.18
255,2026-07-21,2026-07-21 08:35:44 PM,7650.034,127.5006,8095,1.0119,3403,0.4254,10717,1.3396,28.15,39.63,992.92,82.1
256,2026-07-21,2026-07-21 08:36:14 PM,7680.047,128.0008,8098,1.0123,3404,0.4255,10723,1.3404,28.16,39.63,992.92,81.95
257,2026-07-21,2026-07-21 08:36:44 PM,7710.05,128.5008,8102,1.0128,3407,0.4259,10727,1.3409,28.17,39.61,992.9,82.02
258,2026-07-21,2026-07-21 08:37:14 PM,7740.04,129.0007,8111,1.0139,3406,0.4258,10733,1.3416,28.18,39.59,992.91,81.87
259,2026-07-21,2026-07-21 08:37:44 PM,7770.042,129.5007,8114,1.0143,3405,0.4256,10742,1.3428,28.19,39.6,992.9,81.71
260,2026-07-21,2026-07-21 08:38:14 PM,7800.033,130.0005,8121,1.0151,3406,0.4258,10743,1.3429,28.2,39.58,992.92,82.02
261,2026-07-21,2026-07-21 08:38:44 PM,7830.035,130.5006,8127,1.0159,3410,0.4263,10751,1.3439,28.21,39.56,992.93,81.71
262,2026-07-21,2026-07-21 08:39:14 PM,7860.04,131.0007,8130,1.0163,3410,0.4263,10754,1.3443,28.23,39.56,992.93,81.71
263,2026-07-21,2026-07-21 08:39:44 PM,7890.042,131.5007,8135,1.0169,3410,0.4263,10760,1.345,28.24,39.55,992.92,81.4
264,2026-07-21,2026-07-21 08:40:14 PM,7920.035,132.0006,8138,1.0173,3410,0.4263,10770,1.3463,28.25,39.54,992.9,81.32
265,2026-07-21,2026-07-21 08:40:44 PM,7950.035,132.5006,8143,1.0179,3412,0.4265,10773,1.3466,28.26,39.54,992.89,81.4
266,2026-07-21,2026-07-21 08:41:14 PM,7980.028,133.0005,8153,1.0191,3407,0.4259,10777,1.3471,28.27,39.53,992.89,81.32
267,2026-07-21,2026-07-21 08:41:44 PM,8010.034,133.5006,8153,1.0191,3407,0.4259,10785,1.3481,28.28,39.53,992.88,81.01
268,2026-07-21,2026-07-21 08:42:14 PM,8040.043,134.0007,8159,1.0199,3407,0.4259,10787,1.3484,28.28,39.52,992.87,81.48
269,2026-07-21,2026-07-21 08:42:44 PM,8070.026,134.5004,8161,1.0201,3408,0.426,10793,1.3491,28.29,39.52,992.88,80.78
270,2026-07-21,2026-07-21 08:43:14 PM,8100.032,135.0005,8167,1.0209,3406,0.4258,10799,1.3499,28.3,39.52,992.88,81.24
271,2026-07-21,2026-07-21 08:43:44 PM,8130.028,135.5005,8169,1.0211,3404,0.4255,10807,1.3509,28.3,39.51,992.87,81.01
272,2026-07-21,2026-07-21 08:44:14 PM,8160.036,136.0006,8174,1.0218,3403,0.4254,10810,1.3513,28.31,39.51,992.87,81.17
273,2026-07-21,2026-07-21 08:44:44 PM,8190.025,136.5004,8179,1.0224,3406,0.4258,10817,1.3521,28.32,39.5,992.85,80.86
274,2026-07-21,2026-07-21 08:45:14 PM,8220.028,137.0005,8183,1.0229,3407,0.4259,10823,1.3529,28.33,39.49,992.86,80.71
275,2026-07-21,2026-07-21 08:45:44 PM,8250.026,137.5004,8186,1.0233,3405,0.4256,10827,1.3534,28.34,39.49,992.86,80.86
276,2026-07-21,2026-07-21 08:46:14 PM,8280.039,138.0006,8191,1.0239,3408,0.426,10834,1.3543,28.35,39.48,992.84,80.63
277,2026-07-21,2026-07-21 08:46:44 PM,8310.023,138.5004,8194,1.0243,3405,0.4256,10843,1.3554,28.36,39.48,992.86,81.01
278,2026-07-21,2026-07-21 08:47:14 PM,8340.035,139.0006,8199,1.0249,3406,0.4258,10855,1.3569,28.37,39.47,992.84,80.55
279,2026-07-21,2026-07-21 08:47:44 PM,8370.023,139.5004,8212,1.0265,3414,0.4268,10874,1.3593,28.38,39.47,992.84,80.33
280,2026-07-21,2026-07-21 08:48:14 PM,8400.019,140.0003,8217,1.0271,3408,0.426,10895,1.3619,28.39,39.46,992.86,80.33
281,2026-07-21,2026-07-21 08:48:44 PM,8430.027,140.5005,8224,1.028,3415,0.4269,10912,1.364,28.4,39.45,992.84,79.95
282,2026-07-21,2026-07-21 08:49:14 PM,8460.028,141.0005,8231,1.0289,3415,0.4269,10931,1.3664,28.41,39.44,992.81,80.03
283,2026-07-21,2026-07-21 08:49:44 PM,8490.027,141.5004,8234,1.0293,3415,0.4269,10950,1.3688,28.43,39.45,992.81,79.95
284,2026-07-21,2026-07-21 08:50:14 PM,8520.028,142.0005,8241,1.0301,3419,0.4274,10966,1.3708,28.44,39.44,992.84,79.72
285,2026-07-21,2026-07-21 08:50:44 PM,8550.022,142.5004,8245,1.0306,3418,0.4273,10979,1.3724,28.45,39.43,992.82,80.25
286,2026-07-21,2026-07-21 08:51:14 PM,8580.027,143.0004,8253,1.0316,3424,0.428,10990,1.3738,28.47,39.43,992.81,79.65
287,2026-07-21,2026-07-21 08:51:44 PM,8610.015,143.5002,8259,1.0324,3418,0.4273,11002,1.3753,28.47,39.42,992.83,79.87
288,2026-07-21,2026-07-21 08:52:14 PM,8640.019,144.0003,8260,1.0325,3424,0.428,11011,1.3764,28.48,39.42,992.81,80.1
289,2026-07-21,2026-07-21 08:52:44 PM,8670.03,144.5005,8263,1.0329,3424,0.428,11020,1.3775,28.48,39.42,992.83,79.65
290,2026-07-21,2026-07-21 08:53:14 PM,8700.013,145.0002,8267,1.0334,3427,0.4284,11026,1.3783,28.49,39.44,992.83,79.06
291,2026-07-21,2026-07-21 08:53:44 PM,8730.018,145.5003,8269,1.0336,3426,0.4283,11032,1.379,28.48,39.45,992.83,79.36
292,2026-07-21,2026-07-21 08:54:14 PM,8760.032,146.0005,8270,1.0338,3424,0.428,11038,1.3798,28.48,39.46,992.84,79.43
293,2026-07-21,2026-07-21 08:54:44 PM,8790.02,146.5003,8272,1.034,3426,0.4283,11046,1.3808,28.48,39.46,992.86,79.43
294,2026-07-21,2026-07-21 08:55:14 PM,8820.018,147.0003,8275,1.0344,3422,0.4278,11050,1.3813,28.47,39.49,992.85,79.65
295,2026-07-21,2026-07-21 08:55:44 PM,8850.022,147.5004,8274,1.0343,3424,0.428,11056,1.382,28.46,39.5,992.89,79.43
296,2026-07-21,2026-07-21 08:56:14 PM,8880.015,148.0003,8274,1.0343,3421,0.4276,11061,1.3826,28.46,39.52,992.87,79.21
297,2026-07-21,2026-07-21 08:56:44 PM,8910.022,148.5004,8277,1.0346,3418,0.4273,11061,1.3826,28.44,39.54,992.91,79.5
298,2026-07-21,2026-07-21 08:57:14 PM,8940.012,149.0002,8272,1.034,3421,0.4276,11067,1.3834,28.43,39.56,992.91,79.28
299,2026-07-21,2026-07-21 08:57:44 PM,8970.026,149.5004,8274,1.0343,3419,0.4274,11067,1.3834,28.42,39.57,992.9,79.21
300,2026-07-21,2026-07-21 08:58:14 PM,9000.013,150.0002,8270,1.0338,3417,0.4271,11068,1.3835,28.4,39.59,992.91,79.43
301,2026-07-21,2026-07-21 08:58:44 PM,9030.02,150.5003,8271,1.0339,3415,0.4269,11071,1.3839,28.39,39.61,992.9,79.21
302,2026-07-21,2026-07-21 08:59:14 PM,9060.014,151.0002,8269,1.0336,3414,0.4268,11073,1.3841,28.37,39.63,992.9,79.21
303,2026-07-21,2026-07-21 08:59:44 PM,9090.012,151.5002,8269,1.0336,3408,0.426,11074,1.3843,28.35,39.65,992.88,79.13
304,2026-07-21,2026-07-21 09:00:14 PM,9120.014,152.0002,8261,1.0326,3408,0.426,11077,1.3846,28.33,39.66,992.88,79.28
305,2026-07-21,2026-07-21 09:00:44 PM,9150.016,152.5003,8261,1.0326,3408,0.426,11079,1.3849,28.32,39.69,992.87,79.06
306,2026-07-21,2026-07-21 09:01:14 PM,9180.02,153.0003,8256,1.032,3405,0.4256,11078,1.3848,28.3,39.69,992.85,79.43
307,2026-07-21,2026-07-21 09:01:44 PM,9210.185,153.5031,8256,1.032,3401,0.4251,11079,1.3849,28.28,39.73,992.83,79.28
308,2026-07-21,2026-07-21 09:02:14 PM,9240.022,154.0004,8253,1.0316,3401,0.4251,11078,1.3848,28.26,39.75,992.82,79.36
309,2026-07-21,2026-07-21 09:02:44 PM,9270.016,154.5003,8250,1.0313,3399,0.4249,11081,1.3851,28.24,39.78,992.84,79.36
310,2026-07-21,2026-07-21 09:03:14 PM,9300.014,155.0002,8252,1.0315,3396,0.4245,11079,1.3849,28.23,39.79,992.81,78.77
311,2026-07-21,2026-07-21 09:03:44 PM,9330.015,155.5003,8247,1.0309,3391,0.4239,11076,1.3845,28.21,39.81,992.84,78.91
312,2026-07-21,2026-07-21 09:04:14 PM,9360.008,156.0001,8250,1.0313,3394,0.4243,11079,1.3849,28.2,39.81,992.82,79.28
313,2026-07-21,2026-07-21 09:04:44 PM,9390.004,156.5001,8248,1.031,3388,0.4235,11083,1.3854,28.19,39.84,992.83,79.13
314,2026-07-21,2026-07-21 09:05:14 PM,9420.017,157.0003,8247,1.0309,3384,0.423,11083,1.3854,28.18,39.83,992.85,79.21
315,2026-07-21,2026-07-21 09:05:44 PM,9450.004,157.5001,8245,1.0306,3386,0.4233,11080,1.385,28.17,39.82,992.85,79.21
316,2026-07-21,2026-07-21 09:06:14 PM,9480.007,158.0001,8249,1.0311,3384,0.423,11085,1.3856,28.17,39.83,992.87,79.36
317,2026-07-21,2026-07-21 09:06:44 PM,9510.011,158.5002,8250,1.0313,3388,0.4235,11089,1.3861,28.17,39.82,992.86,79.5
318,2026-07-21,2026-07-21 09:07:14 PM,9540.0,159.0,8250,1.0313,3383,0.4229,11084,1.3855,28.16,39.83,992.88,79.21
319,2026-07-21,2026-07-21 09:07:44 PM,9570.003,159.5001,8246,1.0308,3385,0.4231,11088,1.386,28.16,39.81,992.88,79.36
320,2026-07-21,2026-07-21 09:08:14 PM,9600.003,160.0001,8250,1.0313,3385,0.4231,11095,1.3869,28.17,39.8,992.9,78.91
321,2026-07-21,2026-07-21 09:08:44 PM,9630.006,160.5001,8252,1.0315,3382,0.4228,11094,1.3868,28.17,39.8,992.88,78.77
322,2026-07-21,2026-07-21 09:09:14 PM,9660.002,161.0,8253,1.0316,3381,0.4226,11099,1.3874,28.17,39.8,992.89,78.99
323,2026-07-21,2026-07-21 09:09:44 PM,9690.176,161.5029,8254,1.0318,3375,0.4219,11100,1.3875,28.18,39.78,992.88,78.99
324,2026-07-21,2026-07-21 09:10:14 PM,9720.175,162.0029,8259,1.0324,3377,0.4221,11105,1.3881,28.18,39.77,992.85,79.13
325,2026-07-21,2026-07-21 09:10:44 PM,9750.174,162.5029,8263,1.0329,3384,0.423,11109,1.3886,28.19,39.76,992.83,78.91
326,2026-07-21,2026-07-21 09:11:14 PM,9780.009,163.0001,8266,1.0333,3386,0.4233,11110,1.3888,28.19,39.76,992.82,78.84
327,2026-07-21,2026-07-21 09:11:44 PM,9810.008,163.5001,8265,1.0331,3389,0.4236,11115,1.3894,28.2,39.75,992.77,78.77
328,2026-07-21,2026-07-21 09:12:14 PM,9840.172,164.0029,8269,1.0336,3386,0.4233,11116,1.3895,28.21,39.73,992.81,78.48
329,2026-07-21,2026-07-21 09:12:44 PM,9870.171,164.5029,8273,1.0341,3389,0.4236,11126,1.3908,28.22,39.72,992.79,78.48
330,2026-07-21,2026-07-21 09:13:14 PM,9900.008,165.0001,8275,1.0344,3385,0.4231,11125,1.3906,28.23,39.72,992.81,78.77
331,2026-07-21,2026-07-21 09:13:44 PM,9930.171,165.5028,8275,1.0344,3383,0.4229,11126,1.3908,28.24,39.7,992.82,78.48
332,2026-07-21,2026-07-21 09:14:14 PM,9960.007,166.0001,8278,1.0348,3389,0.4236,11136,1.392,28.25,39.69,992.81,78.55
333,2026-07-21,2026-07-21 09:14:44 PM,9990.008,166.5001,8283,1.0354,3385,0.4231,11138,1.3923,28.26,39.69,992.86,78.05
334,2026-07-21,2026-07-21 09:15:14 PM,10020.168,167.0028,8288,1.036,3386,0.4233,11145,1.3931,28.27,39.68,992.85,78.55
335,2026-07-21,2026-07-21 09:15:44 PM,10050.168,167.5028,8289,1.0361,3385,0.4231,11146,1.3933,28.28,39.67,992.84,78.62
336,2026-07-21,2026-07-21 09:16:14 PM,10080.168,168.0028,8293,1.0366,3390,0.4238,11154,1.3943,28.29,39.67,992.86,78.26
337,2026-07-21,2026-07-21 09:16:44 PM,10110.167,168.5028,8299,1.0374,3390,0.4238,11156,1.3945,28.3,39.65,992.84,78.62
338,2026-07-21,2026-07-21 09:17:14 PM,10140.167,169.0028,8296,1.037,3385,0.4231,11158,1.3948,28.31,39.63,992.81,77.91
339,2026-07-21,2026-07-21 09:17:44 PM,10170.166,169.5028,8299,1.0374,3387,0.4234,11164,1.3955,28.32,39.63,992.82,78.05
340,2026-07-21,2026-07-21 09:18:14 PM,10200.165,170.0027,8302,1.0378,3390,0.4238,11169,1.3961,28.34,39.62,992.79,78.12
341,2026-07-21,2026-07-21 09:18:44 PM,10230.003,170.5,8307,1.0384,3390,0.4238,11174,1.3968,28.35,39.62,992.76,77.98
342,2026-07-21,2026-07-21 09:19:14 PM,10260.163,171.0027,8309,1.0386,3391,0.4239,11179,1.3974,28.36,39.61,992.7,77.98
343,2026-07-21,2026-07-21 09:19:44 PM,10290.163,171.5027,8313,1.0391,3392,0.424,11185,1.3981,28.37,39.6,992.64,77.91
344,2026-07-21,2026-07-21 09:20:14 PM,10320.162,172.0027,8316,1.0395,3394,0.4243,11186,1.3983,28.39,39.6,992.63,77.91
345,2026-07-21,2026-07-21 09:20:44 PM,10350.162,172.5027,8319,1.0399,3396,0.4245,11190,1.3988,28.4,39.58,992.58,78.12
346,2026-07-21,2026-07-21 09:21:14 PM,10380.161,173.0027,8324,1.0405,3395,0.4244,11200,1.4,28.4,39.59,992.59,77.83
347,2026-07-21,2026-07-21 09:21:44 PM,10410.16,173.5027,8324,1.0405,3395,0.4244,11199,1.3999,28.42,39.57,992.57,78.05
348,2026-07-21,2026-07-21 09:22:14 PM,10440.161,174.0027,8330,1.0412,3395,0.4244,11208,1.401,28.42,39.58,992.56,77.69
349,2026-07-21,2026-07-21 09:22:44 PM,10470.16,174.5027,8330,1.0412,3394,0.4243,11212,1.4015,28.43,39.58,992.55,77.55
350,2026-07-21,2026-07-21 09:23:14 PM,10500.159,175.0026,8331,1.0414,3397,0.4246,11214,1.4018,28.44,39.58,992.53,77.76
351,2026-07-21,2026-07-21 09:23:44 PM,10530.158,175.5026,8337,1.0421,3394,0.4243,11213,1.4016,28.44,39.59,992.5,77.48
352,2026-07-21,2026-07-21 09:24:14 PM,10560.158,176.0026,8332,1.0415,3390,0.4238,11222,1.4028,28.44,39.6,992.51,77.48
353,2026-07-21,2026-07-21 09:24:44 PM,10590.157,176.5026,8337,1.0421,3388,0.4235,11225,1.4031,28.44,39.61,992.47,77.55
354,2026-07-21,2026-07-21 09:25:14 PM,10620.156,177.0026,8334,1.0418,3390,0.4238,11227,1.4034,28.43,39.62,992.52,77.48
355,2026-07-21,2026-07-21 09:25:44 PM,10650.156,177.5026,8333,1.0416,3388,0.4235,11231,1.4039,28.42,39.64,992.52,77.34
356,2026-07-21,2026-07-21 09:26:14 PM,10680.155,178.0026,8330,1.0412,3386,0.4233,11234,1.4043,28.41,39.65,992.52,77.48
357,2026-07-21,2026-07-21 09:26:44 PM,10710.155,178.5026,8328,1.041,3391,0.4239,11232,1.404,28.4,39.67,992.54,77.62
358,2026-07-21,2026-07-21 09:27:14 PM,10740.154,179.0026,8328,1.041,3387,0.4234,11240,1.405,28.39,39.69,992.54,77.83
359,2026-07-21,2026-07-21 09:27:44 PM,10770.154,179.5026,8330,1.0412,3388,0.4235,11236,1.4045,28.38,39.71,992.58,77.55
360,2026-07-21,2026-07-21 09:28:14 PM,10800.153,180.0026,8328,1.041,3384,0.423,11233,1.4041,28.36,39.73,992.61,77.34
361,2026-07-21,2026-07-21 09:28:44 PM,10830.152,180.5025,8322,1.0403,3385,0.4231,11239,1.4049,28.35,39.76,992.61,77.48
362,2026-07-21,2026-07-21 09:29:14 PM,10860.152,181.0025,8318,1.0398,3376,0.422,11239,1.4049,28.33,39.77,992.65,77.48
363,2026-07-21,2026-07-21 09:29:44 PM,10890.152,181.5025,8316,1.0395,3378,0.4223,11241,1.4051,28.32,39.8,992.71,77.27
364,2026-07-21,2026-07-21 09:30:14 PM,10920.151,182.0025,8312,1.039,3374,0.4218,11242,1.4053,28.3,39.82,992.74,77.62
365,2026-07-21,2026-07-21 09:30:44 PM,10950.15,182.5025,8312,1.039,3374,0.4218,11239,1.4049,28.28,39.83,992.76,77.55
366,2026-07-21,2026-07-21 09:31:14 PM,10980.149,183.0025,8306,1.0383,3375,0.4219,11239,1.4049,28.26,39.86,992.78,77.62
367,2026-07-21,2026-07-21 09:31:44 PM,11010.149,183.5025,8304,1.038,3371,0.4214,11243,1.4054,28.24,39.88,992.76,77.62
368,2026-07-21,2026-07-21 09:32:14 PM,11040.148,184.0025,8299,1.0374,3371,0.4214,11239,1.4049,28.22,39.88,992.79,77.48
369,2026-07-21,2026-07-21 09:32:44 PM,11070.148,184.5025,8300,1.0375,3369,0.4211,11238,1.4048,28.2,39.9,992.77,77.69
370,2026-07-21,2026-07-21 09:33:14 PM,11100.147,185.0024,8295,1.0369,3365,0.4206,11239,1.4049,28.18,39.92,992.82,77.69
371,2026-07-21,2026-07-21 09:33:44 PM,11130.146,185.5024,8291,1.0364,3365,0.4206,11241,1.4051,28.17,39.94,992.81,77.76
372,2026-07-21,2026-07-21 09:34:14 PM,11160.146,186.0024,8288,1.036,3366,0.4208,11241,1.4051,28.16,39.96,992.83,77.83
373,2026-07-21,2026-07-21 09:34:44 PM,11190.145,186.5024,8283,1.0354,3363,0.4204,11242,1.4053,28.14,39.94,992.85,77.27
374,2026-07-21,2026-07-21 09:35:14 PM,11220.145,187.0024,8282,1.0353,3360,0.42,11239,1.4049,28.13,39.95,992.88,77.55
375,2026-07-21,2026-07-21 09:35:44 PM,11250.144,187.5024,8283,1.0354,3355,0.4194,11244,1.4055,28.13,39.96,992.86,77.91
376,2026-07-21,2026-07-21 09:36:14 PM,11280.144,188.0024,8277,1.0346,3356,0.4195,11240,1.405,28.12,39.94,992.87,77.34
377,2026-07-21,2026-07-21 09:36:44 PM,11310.143,188.5024,8278,1.0348,3357,0.4196,11243,1.4054,28.12,39.96,992.88,77.69
378,2026-07-21,2026-07-21 09:37:14 PM,11340.141,189.0024,8278,1.0348,3352,0.419,11242,1.4053,28.11,39.95,992.86,77.76
379,2026-07-21,2026-07-21 09:37:44 PM,11370.141,189.5024,8280,1.035,3352,0.419,11247,1.4059,28.11,39.94,992.87,77.55
380,2026-07-21,2026-07-21 09:38:14 PM,11400.141,190.0023,8276,1.0345,3350,0.4188,11247,1.4059,28.11,39.93,992.86,77.62
381,2026-07-21,2026-07-21 09:38:44 PM,11430.141,190.5023,8281,1.0351,3351,0.4189,11252,1.4065,28.11,39.92,992.88,77.48
382,2026-07-21,2026-07-21 09:39:14 PM,11460.14,191.0023,8280,1.035,3352,0.419,11251,1.4064,28.12,39.91,992.88,77.76
383,2026-07-21,2026-07-21 09:39:44 PM,11490.14,191.5023,8282,1.0353,3345,0.4181,11257,1.4071,28.12,39.89,992.86,77.2
384,2026-07-21,2026-07-21 09:40:14 PM,11520.139,192.0023,8282,1.0353,3349,0.4186,11258,1.4073,28.13,39.89,992.87,77.41
385,2026-07-21,2026-07-21 09:40:44 PM,11550.138,192.5023,8282,1.0353,3349,0.4186,11258,1.4073,28.13,39.88,992.88,77.2
386,2026-07-21,2026-07-21 09:41:14 PM,11580.137,193.0023,8283,1.0354,3350,0.4188,11261,1.4076,28.14,39.86,992.85,77.34
387,2026-07-21,2026-07-21 09:41:44 PM,11610.137,193.5023,8286,1.0358,3351,0.4189,11262,1.4078,28.15,39.86,992.85,77.27
388,2026-07-21,2026-07-21 09:42:14 PM,11640.137,194.0023,8291,1.0364,3354,0.4193,11265,1.4081,28.15,39.84,992.84,77.13
389,2026-07-21,2026-07-21 09:42:44 PM,11670.136,194.5023,8293,1.0366,3352,0.419,11271,1.4089,28.16,39.84,992.83,77.55
390,2026-07-21,2026-07-21 09:43:14 PM,11700.135,195.0022,8291,1.0364,3352,0.419,11279,1.4099,28.17,39.82,992.84,77.41
391,2026-07-21,2026-07-21 09:43:44 PM,11730.134,195.5022,8290,1.0362,3349,0.4186,11278,1.4098,28.18,39.8,992.86,77.06
392,2026-07-21,2026-07-21 09:44:14 PM,11760.134,196.0022,8293,1.0366,3347,0.4184,11277,1.4096,28.19,39.81,992.87,77.13
393,2026-07-21,2026-07-21 09:44:44 PM,11790.133,196.5022,8298,1.0373,3349,0.4186,11281,1.4101,28.2,39.78,992.88,77.48
394,2026-07-21,2026-07-21 09:45:14 PM,11820.133,197.0022,8301,1.0376,3351,0.4189,11286,1.4108,28.21,39.78,992.88,76.85
395,2026-07-21,2026-07-21 09:45:44 PM,11850.133,197.5022,8301,1.0376,3352,0.419,11288,1.411,28.22,39.77,992.89,76.99
396,2026-07-21,2026-07-21 09:46:14 PM,11880.132,198.0022,8303,1.0379,3351,0.4189,11294,1.4118,28.23,39.76,992.89,76.99
397,2026-07-21,2026-07-21 09:46:44 PM,11910.131,198.5022,8309,1.0386,3351,0.4189,11297,1.4121,28.24,39.75,992.92,76.65
398,2026-07-21,2026-07-21 09:47:14 PM,11940.13,199.0022,8307,1.0384,3354,0.4193,11302,1.4128,28.26,39.74,992.95,76.92
399,2026-07-21,2026-07-21 09:47:44 PM,11970.13,199.5022,8310,1.0388,3357,0.4196,11303,1.4129,28.27,39.72,992.93,76.99
400,2026-07-21,2026-07-21 09:48:14 PM,12000.129,200.0021,8311,1.0389,3356,0.4195,11306,1.4133,28.28,39.71,992.95,76.71
401,2026-07-21,2026-07-21 09:48:44 PM,12030.128,200.5021,8313,1.0391,3355,0.4194,11309,1.4136,28.29,39.7,992.97,76.71
402,2026-07-21,2026-07-21 09:49:14 PM,12060.128,201.0021,8318,1.0398,3359,0.4199,11314,1.4143,28.3,39.69,992.97,76.71
403,2026-07-21,2026-07-21 09:49:44 PM,12090.127,201.5021,8319,1.0399,3352,0.419,11320,1.415,28.32,39.69,992.96,76.85
404,2026-07-21,2026-07-21 09:50:14 PM,12120.126,202.0021,8321,1.0401,3352,0.419,11325,1.4156,28.33,39.68,992.97,76.65
405,2026-07-21,2026-07-21 09:50:44 PM,12150.126,202.5021,8327,1.0409,3355,0.4194,11322,1.4153,28.34,39.66,992.96,76.99
406,2026-07-21,2026-07-21 09:51:14 PM,12180.126,203.0021,8330,1.0412,3352,0.419,11333,1.4166,28.35,39.66,992.96,76.71
407,2026-07-21,2026-07-21 09:51:44 PM,12210.125,203.5021,8335,1.0419,3357,0.4196,11333,1.4166,28.36,39.66,992.96,76.51
408,2026-07-21,2026-07-21 09:52:14 PM,12240.124,204.0021,8334,1.0418,3358,0.4198,11339,1.4174,28.37,39.65,992.95,76.17
409,2026-07-21,2026-07-21 09:52:44 PM,12270.124,204.5021,8339,1.0424,3361,0.4201,11342,1.4178,28.38,39.64,992.95,76.44
410,2026-07-21,2026-07-21 09:53:14 PM,12300.123,205.0021,8342,1.0428,3357,0.4196,11344,1.418,28.39,39.64,992.98,76.65
411,2026-07-21,2026-07-21 09:53:44 PM,12330.123,205.502,8338,1.0423,3366,0.4208,11349,1.4186,28.4,39.64,992.99,76.51
412,2026-07-21,2026-07-21 09:54:14 PM,12360.122,206.002,8341,1.0426,3361,0.4201,11349,1.4186,28.4,39.64,993.0,76.44
413,2026-07-21,2026-07-21 09:54:44 PM,12390.122,206.502,8342,1.0428,3361,0.4201,11354,1.4193,28.4,39.65,993.0,76.3
414,2026-07-21,2026-07-21 09:55:14 PM,12420.121,207.002,8344,1.043,3355,0.4194,11360,1.42,28.41,39.65,993.02,76.44
415,2026-07-21,2026-07-21 09:55:44 PM,12450.12,207.502,8342,1.0428,3356,0.4195,11360,1.42,28.4,39.66,993.01,76.51
416,2026-07-21,2026-07-21 09:56:14 PM,12480.118,208.002,8340,1.0425,3357,0.4196,11363,1.4204,28.4,39.67,993.01,76.37
417,2026-07-21,2026-07-21 09:56:44 PM,12510.119,208.502,8340,1.0425,3358,0.4198,11362,1.4203,28.39,39.68,993.02,76.17
418,2026-07-21,2026-07-21 09:57:14 PM,12540.118,209.002,8338,1.0423,3356,0.4195,11365,1.4206,28.38,39.71,993.05,76.3
419,2026-07-21,2026-07-21 09:57:44 PM,12570.117,209.502,8334,1.0418,3352,0.419,11360,1.42,28.37,39.71,993.01,76.17
420,2026-07-21,2026-07-21 09:58:14 PM,12600.118,210.002,8331,1.0414,3348,0.4185,11369,1.4211,28.36,39.74,993.05,76.51
421,2026-07-21,2026-07-21 09:58:44 PM,12630.117,210.5019,8328,1.041,3350,0.4188,11369,1.4211,28.35,39.76,993.06,76.58
422,2026-07-21,2026-07-21 09:59:14 PM,12660.116,211.0019,8325,1.0406,3348,0.4185,11367,1.4209,28.34,39.77,993.08,75.9
423,2026-07-21,2026-07-21 09:59:44 PM,12690.115,211.5019,8324,1.0405,3344,0.418,11366,1.4208,28.32,39.8,993.08,76.1
424,2026-07-21,2026-07-21 10:00:14 PM,12720.115,212.0019,8319,1.0399,3345,0.4181,11365,1.4206,28.3,39.82,993.09,76.37
425,2026-07-21,2026-07-21 10:00:44 PM,12750.114,212.5019,8319,1.0399,3342,0.4178,11369,1.4211,28.28,39.84,993.12,76.92
426,2026-07-21,2026-07-21 10:01:14 PM,12780.113,213.0019,8317,1.0396,3338,0.4173,11367,1.4209,28.26,39.86,993.13,76.17
427,2026-07-21,2026-07-21 10:01:44 PM,12810.113,213.5019,8311,1.0389,3333,0.4166,11367,1.4209,28.24,39.9,993.13,76.37
428,2026-07-21,2026-07-21 10:02:14 PM,12840.112,214.0019,8305,1.0381,3330,0.4163,11365,1.4206,28.23,39.91,993.14,76.51
429,2026-07-21,2026-07-21 10:02:44 PM,12870.112,214.5019,8300,1.0375,3323,0.4154,11365,1.4206,28.21,39.92,993.1,76.24
430,2026-07-21,2026-07-21 10:03:14 PM,12900.111,215.0019,8299,1.0374,3330,0.4163,11365,1.4206,28.2,39.91,993.11,76.37
431,2026-07-21,2026-07-21 10:03:44 PM,12930.111,215.5018,8294,1.0368,3330,0.4163,11367,1.4209,28.18,39.94,993.09,76.44
432,2026-07-21,2026-07-21 10:04:14 PM,12960.11,216.0018,8296,1.037,3328,0.416,11367,1.4209,28.18,39.93,993.07,76.71
433,2026-07-21,2026-07-21 10:04:44 PM,12990.109,216.5018,8294,1.0368,3328,0.416,11368,1.421,28.17,39.95,993.06,76.65
434,2026-07-21,2026-07-21 10:05:14 PM,13020.109,217.0018,8292,1.0365,3327,0.4159,11371,1.4214,28.16,39.94,993.06,76.37
435,2026-07-21,2026-07-21 10:05:44 PM,13050.108,217.5018,8289,1.0361,3328,0.416,11370,1.4213,28.16,39.94,993.04,76.58
436,2026-07-21,2026-07-21 10:06:14 PM,13080.107,218.0018,8291,1.0364,3328,0.416,11371,1.4214,28.16,39.93,993.04,76.44
437,2026-07-21,2026-07-21 10:06:44 PM,13110.107,218.5018,8288,1.036,3325,0.4156,11376,1.422,28.16,39.92,993.03,76.58
438,2026-07-21,2026-07-21 10:07:14 PM,13140.107,219.0018,8290,1.0362,3323,0.4154,11372,1.4215,28.16,39.92,993.02,76.37
439,2026-07-21,2026-07-21 10:07:44 PM,13170.105,219.5018,8291,1.0364,3322,0.4153,11374,1.4218,28.16,39.91,993.02,76.71
440,2026-07-21,2026-07-21 10:08:14 PM,13200.105,220.0018,8292,1.0365,3322,0.4153,11376,1.422,28.16,39.9,993.0,76.3
441,2026-07-21,2026-07-21 10:08:44 PM,13230.104,220.5017,8290,1.0362,3326,0.4158,11376,1.422,28.17,39.89,993.03,76.1
442,2026-07-21,2026-07-21 10:09:14 PM,13260.104,221.0017,8292,1.0365,3321,0.4151,11379,1.4224,28.17,39.89,992.98,76.71
443,2026-07-21,2026-07-21 10:09:44 PM,13290.103,221.5017,8294,1.0368,3326,0.4158,11382,1.4228,28.18,39.86,993.02,76.65
444,2026-07-21,2026-07-21 10:10:14 PM,13320.103,222.0017,8293,1.0366,3322,0.4153,11385,1.4231,28.19,39.87,993.03,76.3
445,2026-07-21,2026-07-21 10:10:44 PM,13350.101,222.5017,8296,1.037,3322,0.4153,11388,1.4235,28.19,39.85,993.04,76.51
446,2026-07-21,2026-07-21 10:11:14 PM,13380.102,223.0017,8295,1.0369,3328,0.416,11387,1.4234,28.2,39.84,993.06,76.85
447,2026-07-21,2026-07-21 10:11:44 PM,13410.101,223.5017,8294,1.0368,3321,0.4151,11393,1.4241,28.21,39.84,993.08,76.44
448,2026-07-21,2026-07-21 10:12:14 PM,13440.099,224.0017,8302,1.0378,3324,0.4155,11396,1.4245,28.22,39.83,993.09,76.44
449,2026-07-21,2026-07-21 10:12:44 PM,13470.099,224.5017,8300,1.0375,3325,0.4156,11398,1.4248,28.23,39.81,993.12,76.1
450,2026-07-21,2026-07-21 10:13:14 PM,13500.099,225.0017,8301,1.0376,3323,0.4154,11399,1.4249,28.24,39.8,993.14,76.37
451,2026-07-21,2026-07-21 10:13:44 PM,13530.098,225.5016,8309,1.0386,3316,0.4145,11406,1.4258,28.25,39.8,993.15,76.03
452,2026-07-21,2026-07-21 10:14:14 PM,13560.098,226.0016,8308,1.0385,3322,0.4153,11408,1.426,28.26,39.78,993.16,76.24
453,2026-07-21,2026-07-21 10:14:44 PM,13590.097,226.5016,8309,1.0386,3322,0.4153,11409,1.4261,28.27,39.77,993.16,76.17
454,2026-07-21,2026-07-21 10:15:14 PM,13620.097,227.0016,8311,1.0389,3320,0.415,11412,1.4265,28.28,39.77,993.17,75.9
455,2026-07-21,2026-07-21 10:15:44 PM,13650.097,227.5016,8308,1.0385,3320,0.415,11416,1.427,28.29,39.76,993.18,75.96
456,2026-07-21,2026-07-21 10:16:14 PM,13680.096,228.0016,8315,1.0394,3323,0.4154,11418,1.4273,28.3,39.74,993.18,76.03
457,2026-07-21,2026-07-21 10:16:44 PM,13710.095,228.5016,8316,1.0395,3323,0.4154,11421,1.4276,28.31,39.75,993.2,75.83
458,2026-07-21,2026-07-21 10:17:14 PM,13740.094,229.0016,8317,1.0396,3321,0.4151,11422,1.4278,28.32,39.74,993.21,75.96
459,2026-07-21,2026-07-21 10:17:44 PM,13770.094,229.5016,8321,1.0401,3322,0.4153,11426,1.4283,28.32,39.74,993.2,76.37
460,2026-07-21,2026-07-21 10:18:14 PM,13800.093,230.0016,8321,1.0401,3323,0.4154,11430,1.4288,28.33,39.74,993.24,76.03
461,2026-07-21,2026-07-21 10:18:44 PM,13830.093,230.5015,8319,1.0399,3326,0.4158,11432,1.429,28.33,39.74,993.28,75.69
462,2026-07-21,2026-07-21 10:19:14 PM,13860.092,231.0015,8321,1.0401,3324,0.4155,11432,1.429,28.33,39.75,993.28,75.9
463,2026-07-21,2026-07-21 10:19:44 PM,13890.091,231.5015,8321,1.0401,3321,0.4151,11434,1.4293,28.33,39.74,993.28,75.69
464,2026-07-21,2026-07-21 10:20:14 PM,13920.091,232.0015,8322,1.0403,3323,0.4154,11436,1.4295,28.32,39.75,993.27,75.43
465,2026-07-21,2026-07-21 10:20:44 PM,13950.09,232.5015,8322,1.0403,3324,0.4155,11437,1.4296,28.32,39.75,993.28,75.56
466,2026-07-21,2026-07-21 10:21:14 PM,13980.089,233.0015,8320,1.04,3322,0.4153,11438,1.4298,28.31,39.77,993.25,75.96
467,2026-07-21,2026-07-21 10:21:44 PM,14010.088,233.5015,8316,1.0395,3320,0.415,11441,1.4301,28.3,39.78,993.25,75.76
468,2026-07-21,2026-07-21 10:22:14 PM,14040.088,234.0015,8309,1.0386,3319,0.4149,11442,1.4303,28.29,39.8,993.29,75.76
469,2026-07-21,2026-07-21 10:22:44 PM,14070.087,234.5014,8310,1.0388,3315,0.4144,11439,1.4299,28.28,39.82,993.3,75.9
470,2026-07-21,2026-07-21 10:23:14 PM,14100.087,235.0014,8306,1.0383,3314,0.4143,11440,1.43,28.27,39.84,993.29,75.69
471,2026-07-21,2026-07-21 10:23:44 PM,14130.086,235.5014,8301,1.0376,3315,0.4144,11439,1.4299,28.25,39.85,993.33,75.9
472,2026-07-21,2026-07-21 10:24:14 PM,14160.086,236.0014,8301,1.0376,3311,0.4139,11442,1.4303,28.24,39.85,993.34,75.76
473,2026-07-21,2026-07-21 10:24:44 PM,14190.085,236.5014,8295,1.0369,3312,0.414,11437,1.4296,28.22,39.88,993.34,75.9
474,2026-07-21,2026-07-21 10:25:14 PM,14220.085,237.0014,8292,1.0365,3310,0.4138,11439,1.4299,28.2,39.9,993.38,75.96
475,2026-07-21,2026-07-21 10:25:44 PM,14250.084,237.5014,8288,1.036,3310,0.4138,11440,1.43,28.19,39.91,993.36,75.83
476,2026-07-21,2026-07-21 10:26:14 PM,14280.084,238.0014,8284,1.0355,3306,0.4133,11439,1.4299,28.17,39.91,993.39,76.3
477,2026-07-21,2026-07-21 10:26:44 PM,14310.083,238.5014,8278,1.0348,3305,0.4131,11436,1.4295,28.16,39.93,993.39,76.24
478,2026-07-21,2026-07-21 10:27:14 PM,14340.082,239.0014,8274,1.0343,3301,0.4126,11437,1.4296,28.14,39.96,993.41,75.96
479,2026-07-21,2026-07-21 10:27:44 PM,14370.082,239.5014,8274,1.0343,3301,0.4126,11432,1.429,28.13,39.96,993.41,75.96
480,2026-07-21,2026-07-21 10:28:14 PM,14400.081,240.0014,8269,1.0336,3299,0.4124,11437,1.4296,28.12,39.98,993.46,76.24
481,2026-07-21,2026-07-21 10:28:44 PM,14430.081,240.5014,8269,1.0336,3304,0.413,11434,1.4293,28.11,39.97,993.48,75.9
482,2026-07-21,2026-07-21 10:29:14 PM,14460.08,241.0013,8267,1.0334,3300,0.4125,11433,1.4291,28.1,39.98,993.5,76.37
483,2026-07-21,2026-07-21 10:29:44 PM,14490.08,241.5013,8265,1.0331,3300,0.4125,11433,1.4291,28.09,39.97,993.52,76.1
484,2026-07-21,2026-07-21 10:30:14 PM,14520.079,242.0013,8265,1.0331,3302,0.4128,11436,1.4295,28.09,39.97,993.54,76.03
485,2026-07-21,2026-07-21 10:30:44 PM,14550.078,242.5013,8264,1.033,3303,0.4129,11439,1.4299,28.09,39.97,993.5,75.9
486,2026-07-21,2026-07-21 10:31:14 PM,14580.077,243.0013,8261,1.0326,3299,0.4124,11437,1.4296,28.09,39.93,993.54,76.37
487,2026-07-21,2026-07-21 10:31:44 PM,14610.076,243.5013,8261,1.0326,3295,0.4119,11437,1.4296,28.09,39.93,993.53,76.03
488,2026-07-21,2026-07-21 10:32:14 PM,14640.075,244.0013,8261,1.0326,3301,0.4126,11436,1.4295,28.09,39.92,993.49,76.24
489,2026-07-21,2026-07-21 10:32:44 PM,14670.075,244.5013,8262,1.0328,3298,0.4123,11439,1.4299,28.1,39.93,993.54,76.44
490,2026-07-21,2026-07-21 10:33:14 PM,14700.075,245.0013,8262,1.0328,3298,0.4123,11442,1.4303,28.11,39.9,993.52,76.44
491,2026-07-21,2026-07-21 10:33:44 PM,14730.074,245.5012,8263,1.0329,3301,0.4126,11440,1.43,28.11,39.89,993.57,76.03
492,2026-07-21,2026-07-21 10:34:14 PM,14760.074,246.0012,8264,1.033,3301,0.4126,11441,1.4301,28.12,39.89,993.57,76.17
493,2026-07-21,2026-07-21 10:34:44 PM,14790.073,246.5012,8261,1.0326,3302,0.4128,11448,1.431,28.13,39.87,993.6,76.03
494,2026-07-21,2026-07-21 10:35:14 PM,14820.073,247.0012,8264,1.033,3302,0.4128,11448,1.431,28.14,39.85,993.62,76.1
495,2026-07-21,2026-07-21 10:35:44 PM,14850.072,247.5012,8264,1.033,3298,0.4123,11448,1.431,28.14,39.84,993.61,76.03
496,2026-07-21,2026-07-21 10:36:14 PM,14880.072,248.0012,8267,1.0334,3300,0.4125,11452,1.4315,28.15,39.84,993.64,76.03
497,2026-07-21,2026-07-21 10:36:44 PM,14910.071,248.5012,8269,1.0336,3301,0.4126,11452,1.4315,28.16,39.83,993.59,75.9
498,2026-07-21,2026-07-21 10:37:14 PM,14940.071,249.0012,8271,1.0339,3302,0.4128,11454,1.4318,28.17,39.81,993.67,76.1
499,2026-07-21,2026-07-21 10:37:44 PM,14970.07,249.5012,8273,1.0341,3301,0.4126,11456,1.432,28.18,39.82,993.65,76.03
500,2026-07-21,2026-07-21 10:38:14 PM,15000.068,250.0011,8275,1.0344,3301,0.4126,11458,1.4323,28.19,39.8,993.6,75.83
501,2026-07-21,2026-07-21 10:38:44 PM,15030.067,250.5011,8277,1.0346,3299,0.4124,11463,1.4329,28.2,39.78,993.63,75.83
502,2026-07-21,2026-07-21 10:39:14 PM,15060.068,251.0011,8282,1.0353,3301,0.4126,11465,1.4331,28.21,39.77,993.66,75.9
503,2026-07-21,2026-07-21 10:39:44 PM,15090.068,251.5011,8280,1.035,3306,0.4133,11468,1.4335,28.22,39.75,993.71,75.63
504,2026-07-21,2026-07-21 10:40:14 PM,15120.067,252.0011,8288,1.036,3305,0.4131,11471,1.4339,28.23,39.76,993.76,75.43
505,2026-07-21,2026-07-21 10:40:44 PM,15150.066,252.5011,8283,1.0354,3304,0.413,11471,1.4339,28.25,39.74,993.78,75.83
506,2026-07-21,2026-07-21 10:41:14 PM,15180.065,253.0011,8288,1.036,3309,0.4136,11476,1.4345,28.26,39.74,993.79,75.83
507,2026-07-21,2026-07-21 10:41:44 PM,15210.065,253.5011,8288,1.036,3307,0.4134,11481,1.4351,28.27,39.74,993.78,75.56
508,2026-07-21,2026-07-21 10:42:14 PM,15240.065,254.0011,8289,1.0361,3309,0.4136,11481,1.4351,28.28,39.71,993.76,75.69
509,2026-07-21,2026-07-21 10:42:44 PM,15270.063,254.5011,8291,1.0364,3306,0.4133,11483,1.4354,28.29,39.71,993.73,75.9
510,2026-07-21,2026-07-21 10:43:14 PM,15300.063,255.0011,8293,1.0366,3308,0.4135,11488,1.436,28.29,39.7,993.78,75.83
511,2026-07-21,2026-07-21 10:43:44 PM,15330.062,255.501,8292,1.0365,3309,0.4136,11488,1.436,28.3,39.7,993.78,76.3
512,2026-07-21,2026-07-21 10:44:14 PM,15360.062,256.001,8292,1.0365,3312,0.414,11489,1.4361,28.3,39.7,993.7,75.23
513,2026-07-21,2026-07-21 10:44:44 PM,15390.062,256.501,8290,1.0362,3311,0.4139,11495,1.4369,28.31,39.7,993.7,75.56
514,2026-07-21,2026-07-21 10:45:14 PM,15420.061,257.001,8291,1.0364,3314,0.4143,11497,1.4371,28.31,39.72,993.67,75.49
515,2026-07-21,2026-07-21 10:45:44 PM,15450.06,257.501,8290,1.0362,3312,0.414,11496,1.437,28.3,39.72,993.68,76.24
516,2026-07-21,2026-07-21 10:46:14 PM,15480.06,258.001,8286,1.0358,3311,0.4139,11497,1.4371,28.3,39.7,993.61,75.56
517,2026-07-21,2026-07-21 10:46:44 PM,15510.059,258.501,8286,1.0358,3308,0.4135,11497,1.4371,28.3,39.73,993.61,75.36
518,2026-07-21,2026-07-21 10:47:14 PM,15540.058,259.001,8283,1.0354,3310,0.4138,11493,1.4366,28.29,39.73,993.61,75.9
519,2026-07-21,2026-07-21 10:47:44 PM,15570.057,259.501,8280,1.035,3308,0.4135,11495,1.4369,28.28,39.74,993.59,75.83
520,2026-07-21,2026-07-21 10:48:14 PM,15600.057,260.0009,8276,1.0345,3306,0.4133,11499,1.4374,28.27,39.77,993.6,75.56
521,2026-07-21,2026-07-21 10:48:44 PM,15630.056,260.5009,8274,1.0343,3305,0.4131,11499,1.4374,28.25,39.78,993.59,75.69
522,2026-07-21,2026-07-21 10:49:14 PM,15660.056,261.0009,8274,1.0343,3302,0.4128,11495,1.4369,28.24,39.79,993.57,75.56
523,2026-07-21,2026-07-21 10:49:44 PM,15690.056,261.5009,8268,1.0335,3299,0.4124,11494,1.4368,28.22,39.82,993.59,75.36
524,2026-07-21,2026-07-21 10:50:14 PM,15720.054,262.0009,8268,1.0335,3296,0.412,11495,1.4369,28.2,39.82,993.57,75.69
525,2026-07-21,2026-07-21 10:50:44 PM,15750.054,262.5009,8264,1.033,3299,0.4124,11492,1.4365,28.19,39.85,993.57,75.69
526,2026-07-21,2026-07-21 10:51:14 PM,15780.053,263.0009,8262,1.0328,3297,0.4121,11492,1.4365,28.17,39.86,993.6,75.69
527,2026-07-21,2026-07-21 10:51:44 PM,15810.053,263.5009,8254,1.0318,3292,0.4115,11492,1.4365,28.15,39.87,993.6,76.17
528,2026-07-21,2026-07-21 10:52:14 PM,15840.052,264.0009,8254,1.0318,3292,0.4115,11486,1.4358,28.14,39.89,993.59,76.3
529,2026-07-21,2026-07-21 10:52:44 PM,15870.051,264.5008,8250,1.0313,3289,0.4111,11486,1.4358,28.12,39.9,993.66,76.03
530,2026-07-21,2026-07-21 10:53:14 PM,15900.052,265.0009,8246,1.0308,3286,0.4108,11487,1.4359,28.11,39.9,993.65,75.83
531,2026-07-21,2026-07-21 10:53:44 PM,15930.051,265.5008,8240,1.03,3289,0.4111,11484,1.4355,28.09,39.91,993.63,76.03
532,2026-07-21,2026-07-21 10:54:14 PM,15960.05,266.0008,8236,1.0295,3285,0.4106,11486,1.4358,28.08,39.92,993.62,75.83
533,2026-07-21,2026-07-21 10:54:44 PM,15990.049,266.5008,8228,1.0285,3284,0.4105,11486,1.4358,28.07,39.91,993.68,75.9
534,2026-07-21,2026-07-21 10:55:14 PM,16020.049,267.0008,8226,1.0283,3282,0.4103,11486,1.4358,28.06,39.91,993.66,75.83
535,2026-07-21,2026-07-21 10:55:44 PM,16050.048,267.5008,8229,1.0286,3281,0.4101,11485,1.4356,28.06,39.9,993.67,75.83
536,2026-07-21,2026-07-21 10:56:14 PM,16080.047,268.0008,8225,1.0281,3281,0.4101,11487,1.4359,28.05,39.9,993.74,75.96
537,2026-07-21,2026-07-21 10:56:44 PM,16110.047,268.5008,8225,1.0281,3279,0.4099,11489,1.4361,28.06,39.9,993.72,76.24
538,2026-07-21,2026-07-21 10:57:14 PM,16140.047,269.0008,8224,1.028,3281,0.4101,11487,1.4359,28.05,39.9,993.73,76.03
539,2026-07-21,2026-07-21 10:57:44 PM,16170.045,269.5007,8227,1.0284,3279,0.4099,11490,1.4363,28.06,39.87,993.69,76.1
540,2026-07-21,2026-07-21 10:58:14 PM,16200.045,270.0008,8222,1.0278,3276,0.4095,11486,1.4358,28.06,39.86,993.74,76.1
541,2026-07-21,2026-07-21 10:58:44 PM,16230.044,270.5007,8222,1.0278,3279,0.4099,11491,1.4364,28.07,39.86,993.75,76.24
542,2026-07-21,2026-07-21 10:59:14 PM,16260.044,271.0007,8224,1.028,3280,0.41,11491,1.4364,28.07,39.84,993.71,75.83
543,2026-07-21,2026-07-21 10:59:44 PM,16290.043,271.5007,8230,1.0288,3277,0.4096,11491,1.4364,28.08,39.83,993.74,76.03
544,2026-07-21,2026-07-21 11:00:14 PM,16320.043,272.0007,8229,1.0286,3276,0.4095,11493,1.4366,28.09,39.81,993.75,76.24
545,2026-07-21,2026-07-21 11:00:44 PM,16350.042,272.5007,8227,1.0284,3280,0.41,11491,1.4364,28.09,39.81,993.8,76.1
546,2026-07-21,2026-07-21 11:01:14 PM,16380.042,273.0007,8229,1.0286,3279,0.4099,11499,1.4374,28.11,39.8,993.76,75.9
547,2026-07-21,2026-07-21 11:01:44 PM,16410.041,273.5007,8231,1.0289,3280,0.41,11500,1.4375,28.12,39.78,993.75,75.76
548,2026-07-21,2026-07-21 11:02:14 PM,16440.04,274.0007,8230,1.0288,3281,0.4101,11504,1.438,28.13,39.77,993.7,76.17
549,2026-07-21,2026-07-21 11:02:44 PM,16470.039,274.5007,8236,1.0295,3283,0.4104,11505,1.4381,28.14,39.75,993.72,76.17
550,2026-07-21,2026-07-21 11:03:14 PM,16500.039,275.0007,8234,1.0293,3282,0.4103,11507,1.4384,28.15,39.75,993.69,75.96
551,2026-07-21,2026-07-21 11:03:44 PM,16530.039,275.5006,8236,1.0295,3282,0.4103,11508,1.4385,28.16,39.72,993.64,75.69
552,2026-07-21,2026-07-21 11:04:14 PM,16560.038,276.0006,8239,1.0299,3277,0.4096,11508,1.4385,28.17,39.73,993.65,75.9
553,2026-07-21,2026-07-21 11:04:44 PM,16590.037,276.5006,8240,1.03,3283,0.4104,11516,1.4395,28.18,39.71,993.62,75.49
554,2026-07-21,2026-07-21 11:05:14 PM,16620.037,277.0006,8240,1.03,3281,0.4101,11518,1.4398,28.19,39.7,993.63,75.96
555,2026-07-21,2026-07-21 11:05:44 PM,16650.037,277.5006,8249,1.0311,3277,0.4096,11520,1.44,28.2,39.7,993.61,75.83
556,2026-07-21,2026-07-21 11:06:14 PM,16680.035,278.0006,8246,1.0308,3280,0.41,11523,1.4404,28.22,39.68,993.66,75.36
557,2026-07-21,2026-07-21 11:06:44 PM,16710.035,278.5006,8254,1.0318,3286,0.4108,11528,1.441,28.23,39.67,993.63,75.83
558,2026-07-21,2026-07-21 11:07:14 PM,16740.035,279.0006,8253,1.0316,3279,0.4099,11526,1.4408,28.24,39.65,993.64,75.56
559,2026-07-21,2026-07-21 11:07:44 PM,16770.034,279.5006,8255,1.0319,3289,0.4111,11533,1.4416,28.25,39.63,993.7,76.03
560,2026-07-21,2026-07-21 11:08:14 PM,16800.033,280.0006,8254,1.0318,3282,0.4103,11533,1.4416,28.26,39.65,993.68,75.83
561,2026-07-21,2026-07-21 11:08:44 PM,16830.032,280.5005,8260,1.0325,3289,0.4111,11534,1.4418,28.27,39.65,993.68,75.69
562,2026-07-21,2026-07-21 11:09:14 PM,16860.032,281.0005,8257,1.0321,3284,0.4105,11537,1.4421,28.28,39.65,993.77,75.69
563,2026-07-21,2026-07-21 11:09:44 PM,16890.031,281.5005,8261,1.0326,3283,0.4104,11544,1.443,28.29,39.63,993.75,75.63
564,2026-07-21,2026-07-21 11:10:14 PM,16920.03,282.0005,8261,1.0326,3290,0.4113,11544,1.443,28.29,39.63,993.76,75.56
565,2026-07-21,2026-07-21 11:10:44 PM,16950.03,282.5005,8259,1.0324,3290,0.4113,11546,1.4433,28.29,39.64,993.78,75.36
566,2026-07-21,2026-07-21 11:11:14 PM,16980.029,283.0005,8262,1.0328,3287,0.4109,11542,1.4428,28.3,39.63,993.82,75.56
567,2026-07-21,2026-07-21 11:11:44 PM,17010.028,283.5005,8264,1.033,3289,0.4111,11548,1.4435,28.29,39.64,993.83,75.29
568,2026-07-21,2026-07-21 11:12:14 PM,17040.027,284.0005,8268,1.0335,3289,0.4111,11554,1.4443,28.3,39.66,993.85,75.63
569,2026-07-21,2026-07-21 11:12:44 PM,17070.027,284.5005,8266,1.0333,3288,0.411,11551,1.4439,28.3,39.64,993.83,75.63
570,2026-07-21,2026-07-21 11:13:14 PM,17100.027,285.0004,8264,1.033,3288,0.411,11553,1.4441,28.3,39.64,993.83,75.69
571,2026-07-21,2026-07-21 11:13:44 PM,17130.026,285.5004,8263,1.0329,3288,0.411,11557,1.4446,28.3,39.64,993.85,75.56
572,2026-07-21,2026-07-21 11:14:14 PM,17160.026,286.0004,8260,1.0325,3292,0.4115,11556,1.4445,28.3,39.65,993.85,75.29
573,2026-07-21,2026-07-21 11:14:44 PM,17190.025,286.5004,8258,1.0323,3290,0.4113,11553,1.4441,28.29,39.66,993.86,75.43
574,2026-07-21,2026-07-21 11:15:14 PM,17220.025,287.0004,8259,1.0324,3289,0.4111,11557,1.4446,28.29,39.67,993.78,75.56
575,2026-07-21,2026-07-21 11:15:44 PM,17250.024,287.5004,8258,1.0323,3286,0.4108,11554,1.4443,28.29,39.67,993.85,75.63
576,2026-07-21,2026-07-21 11:16:14 PM,17280.022,288.0004,8254,1.0318,3285,0.4106,11554,1.4443,28.28,39.68,993.86,75.56
577,2026-07-21,2026-07-21 11:16:44 PM,17310.022,288.5004,8254,1.0318,3287,0.4109,11556,1.4445,28.28,39.68,993.88,75.36
578,2026-07-21,2026-07-21 11:17:14 PM,17340.022,289.0004,8252,1.0315,3288,0.411,11552,1.444,28.27,39.69,993.87,75.36
579,2026-07-21,2026-07-21 11:17:44 PM,17370.021,289.5004,8250,1.0313,3285,0.4106,11557,1.4446,28.26,39.7,993.87,75.49
580,2026-07-21,2026-07-21 11:18:14 PM,17400.021,290.0004,8250,1.0313,3285,0.4106,11557,1.4446,28.26,39.7,993.9,75.49
581,2026-07-21,2026-07-21 11:18:44 PM,17430.021,290.5003,8246,1.0308,3284,0.4105,11558,1.4448,28.25,39.7,993.87,75.36
582,2026-07-21,2026-07-21 11:19:14 PM,17460.019,291.0003,8242,1.0303,3284,0.4105,11560,1.445,28.24,39.72,993.92,75.96
583,2026-07-21,2026-07-21 11:19:44 PM,17490.019,291.5003,8241,1.0301,3281,0.4101,11557,1.4446,28.23,39.73,993.91,75.76
584,2026-07-21,2026-07-21 11:20:14 PM,17520.018,292.0003,8241,1.0301,3282,0.4103,11559,1.4449,28.22,39.74,993.91,75.69
585,2026-07-21,2026-07-21 11:20:44 PM,17550.017,292.5003,8237,1.0296,3277,0.4096,11559,1.4449,28.22,39.74,993.89,75.63
586,2026-07-21,2026-07-21 11:21:14 PM,17580.017,293.0003,8235,1.0294,3274,0.4093,11557,1.4446,28.21,39.75,993.93,75.76
587,2026-07-21,2026-07-21 11:21:44 PM,17610.016,293.5003,8232,1.029,3276,0.4095,11559,1.4449,28.2,39.74,993.96,75.9
588,2026-07-21,2026-07-21 11:22:14 PM,17640.016,294.0003,8228,1.0285,3275,0.4094,11556,1.4445,28.2,39.75,993.94,75.76
589,2026-07-21,2026-07-21 11:22:44 PM,17670.015,294.5003,8229,1.0286,3276,0.4095,11557,1.4446,28.2,39.75,993.95,75.76
590,2026-07-21,2026-07-21 11:23:14 PM,17700.015,295.0002,8226,1.0283,3275,0.4094,11557,1.4446,28.19,39.75,993.97,75.83
591,2026-07-21,2026-07-21 11:23:44 PM,17730.014,295.5002,8225,1.0281,3271,0.4089,11555,1.4444,28.18,39.74,993.97,75.76
592,2026-07-21,2026-07-21 11:24:14 PM,17760.013,296.0002,8222,1.0278,3275,0.4094,11556,1.4445,28.18,39.74,993.95,75.96
593,2026-07-21,2026-07-21 11:24:44 PM,17790.013,296.5002,8220,1.0275,3270,0.4088,11557,1.4446,28.17,39.74,993.95,75.69
594,2026-07-21,2026-07-21 11:25:14 PM,17820.012,297.0002,8215,1.0269,3266,0.4083,11554,1.4443,28.16,39.76,993.99,76.1
595,2026-07-21,2026-07-21 11:25:44 PM,17850.011,297.5002,8214,1.0268,3262,0.4078,11555,1.4444,28.15,39.75,993.98,75.83
596,2026-07-21,2026-07-21 11:26:14 PM,17880.01,298.0002,8209,1.0261,3263,0.4079,11557,1.4446,28.15,39.76,994.0,76.1
597,2026-07-21,2026-07-21 11:26:44 PM,17910.01,298.5002,8209,1.0261,3264,0.408,11556,1.4445,28.14,39.75,993.98,75.96
598,2026-07-21,2026-07-21 11:27:14 PM,17940.009,299.0001,8205,1.0256,3261,0.4076,11555,1.4444,28.13,39.74,993.99,75.83
599,2026-07-21,2026-07-21 11:27:44 PM,17970.009,299.5001,8202,1.0253,3260,0.4075,11554,1.4443,28.12,39.76,994.01,75.96
600,2026-07-21,2026-07-21 11:28:14 PM,18000.008,300.0001,8200,1.025,3260,0.4075,11552,1.444,28.11,39.77,993.99,75.96
601,2026-07-21,2026-07-21 11:28:44 PM,18030.008,300.5001,8193,1.0241,3258,0.4073,11552,1.444,28.1,39.77,994.03,75.76
602,2026-07-21,2026-07-21 11:29:14 PM,18060.007,301.0001,8193,1.0241,3257,0.4071,11550,1.4438,28.09,39.78,994.04,75.96
603,2026-07-21,2026-07-21 11:29:44 PM,18090.006,301.5001,8191,1.0239,3257,0.4071,11548,1.4435,28.08,39.78,994.03,76.1
604,2026-07-21,2026-07-21 11:30:14 PM,18120.006,302.0001,8186,1.0233,3252,0.4065,11545,1.4431,28.07,39.79,994.02,76.24
605,2026-07-21,2026-07-21 11:30:44 PM,18150.005,302.5001,8187,1.0234,3253,0.4066,11545,1.4431,28.06,39.79,994.06,76.03
606,2026-07-21,2026-07-21 11:31:14 PM,18180.005,303.0001,8181,1.0226,3250,0.4063,11546,1.4433,28.06,39.78,994.07,76.37
607,2026-07-21,2026-07-21 11:31:44 PM,18210.004,303.5001,8178,1.0223,3248,0.406,11546,1.4433,28.05,39.78,994.08,76.03
608,2026-07-21,2026-07-21 11:32:14 PM,18240.003,304.0001,8177,1.0221,3245,0.4056,11544,1.443,28.04,39.78,994.11,76.24
609,2026-07-21,2026-07-21 11:32:44 PM,18270.003,304.5001,8175,1.0219,3245,0.4056,11547,1.4434,28.03,39.78,994.11,76.03
610,2026-07-21,2026-07-21 11:33:14 PM,18300.002,305.0,8177,1.0221,3248,0.406,11545,1.4431,28.03,39.78,994.12,75.9
611,2026-07-21,2026-07-21 11:33:44 PM,18330.002,305.5,8171,1.0214,3243,0.4054,11544,1.443,28.03,39.76,994.12,75.96
612,2026-07-21,2026-07-21 11:34:14 PM,18360.001,306.0,8172,1.0215,3242,0.4053,11546,1.4433,28.03,39.76,994.15,76.44
613,2026-07-21,2026-07-21 11:34:44 PM,18390.001,306.5,8173,1.0216,3243,0.4054,11545,1.4431,28.03,39.75,994.18,76.65
614,2026-07-21,2026-07-21 11:35:14 PM,18420.0,307.0,8170,1.0213,3239,0.4049,11546,1.4433,28.03,39.75,994.19,76.37
615,2026-07-21,2026-07-21 11:35:44 PM,18450.0,307.5,8166,1.0208,3238,0.4048,11543,1.4429,28.03,39.73,994.22,76.1
616,2026-07-21,2026-07-21 11:36:14 PM,18480.0,308.0,8167,1.0209,3240,0.405,11546,1.4433,28.03,39.73,994.25,76.24
617,2026-07-21,2026-07-21 11:36:44 PM,18510.0,308.5,8168,1.021,3239,0.4049,11546,1.4433,28.03,39.72,994.25,76.24
618,2026-07-21,2026-07-21 11:37:14 PM,18540.0,309.0,8166,1.0208,3239,0.4049,11546,1.4433,28.04,39.7,994.3,76.17
619,2026-07-21,2026-07-21 11:37:44 PM,18570.206,309.5034,8165,1.0206,3240,0.405,11545,1.4431,28.04,39.7,994.31,76.44
620,2026-07-21,2026-07-21 11:38:14 PM,18600.0,310.0,8165,1.0206,3237,0.4046,11547,1.4434,28.04,39.69,994.32,76.24
621,2026-07-21,2026-07-21 11:38:44 PM,18630.0,310.5,8165,1.0206,3238,0.4048,11546,1.4433,28.05,39.68,994.36,76.85
622,2026-07-21,2026-07-21 11:39:14 PM,18660.0,311.0,8166,1.0208,3238,0.4048,11544,1.443,28.05,39.67,994.33,76.78
623,2026-07-21,2026-07-21 11:39:44 PM,18690.0,311.5,8165,1.0206,3236,0.4045,11545,1.4431,28.05,39.65,994.37,76.24
624,2026-07-21,2026-07-21 11:40:14 PM,18720.0,312.0,8165,1.0206,3238,0.4048,11548,1.4435,28.05,39.66,994.39,76.24
625,2026-07-21,2026-07-21 11:40:44 PM,18750.212,312.5035,8164,1.0205,3233,0.4041,11550,1.4438,28.06,39.64,994.44,75.96
626,2026-07-21,2026-07-21 11:41:14 PM,18780.214,313.0036,8169,1.0211,3235,0.4044,11550,1.4438,28.06,39.65,994.44,76.37
627,2026-07-21,2026-07-21 11:41:44 PM,18810.203,313.5034,8169,1.0211,3236,0.4045,11548,1.4435,28.06,39.64,994.49,76.3
628,2026-07-21,2026-07-21 11:42:14 PM,18840.205,314.0034,8167,1.0209,3237,0.4046,11552,1.444,28.07,39.64,994.5,76.37
629,2026-07-21,2026-07-21 11:42:44 PM,18870.209,314.5035,8169,1.0211,3234,0.4043,11550,1.4438,28.07,39.62,994.52,76.37
630,2026-07-21,2026-07-21 11:43:14 PM,18900.207,315.0034,8168,1.021,3234,0.4043,11551,1.4439,28.07,39.61,994.53,76.44
631,2026-07-21,2026-07-21 11:43:44 PM,18930.198,315.5033,8173,1.0216,3233,0.4041,11553,1.4441,28.08,39.61,994.59,76.1
632,2026-07-21,2026-07-21 11:44:14 PM,18960.205,316.0034,8170,1.0213,3232,0.404,11556,1.4445,28.08,39.61,994.6,76.51
633,2026-07-21,2026-07-21 11:44:44 PM,18990.196,316.5033,8172,1.0215,3231,0.4039,11556,1.4445,28.09,39.6,994.58,76.03
634,2026-07-21,2026-07-21 11:45:14 PM,19020.205,317.0034,8172,1.0215,3225,0.4031,11557,1.4446,28.09,39.59,994.6,76.51
635,2026-07-21,2026-07-21 11:45:44 PM,19050.207,317.5034,8178,1.0223,3224,0.403,11562,1.4453,28.1,39.59,994.64,76.24
636,2026-07-21,2026-07-21 11:46:14 PM,19080.19,318.0032,8175,1.0219,3226,0.4033,11561,1.4451,28.11,39.57,994.63,76.17
637,2026-07-21,2026-07-21 11:46:44 PM,19110.206,318.5034,8176,1.022,3223,0.4029,11564,1.4455,28.12,39.59,994.66,75.9
638,2026-07-21,2026-07-21 11:47:14 PM,19140.201,319.0033,8180,1.0225,3226,0.4033,11564,1.4455,28.13,39.56,994.69,76.17
639,2026-07-21,2026-07-21 11:47:44 PM,19170.201,319.5034,8180,1.0225,3225,0.4031,11568,1.446,28.14,39.56,994.7,76.1
640,2026-07-21,2026-07-21 11:48:14 PM,19200.198,320.0033,8180,1.0225,3222,0.4028,11570,1.4463,28.14,39.56,994.68,76.24
641,2026-07-21,2026-07-21 11:48:44 PM,19230.193,320.5032,8181,1.0226,3225,0.4031,11572,1.4465,28.15,39.55,994.67,75.96
642,2026-07-21,2026-07-21 11:49:14 PM,19260.194,321.0032,8185,1.0231,3222,0.4028,11574,1.4468,28.16,39.53,994.64,76.37
643,2026-07-21,2026-07-21 11:49:44 PM,19290.203,321.5034,8184,1.023,3227,0.4034,11578,1.4473,28.17,39.54,994.63,75.9
644,2026-07-21,2026-07-21 11:50:14 PM,19320.191,322.0032,8184,1.023,3225,0.4031,11578,1.4473,28.18,39.52,994.62,75.9
645,2026-07-21,2026-07-21 11:50:44 PM,19350.204,322.5034,8187,1.0234,3229,0.4036,11579,1.4474,28.19,39.5,994.6,76.3
646,2026-07-21,2026-07-21 11:51:14 PM,19380.199,323.0033,8192,1.024,3229,0.4036,11578,1.4473,28.19,39.51,994.53,76.03
647,2026-07-21,2026-07-21 11:51:44 PM,19410.193,323.5032,8191,1.0239,3232,0.404,11583,1.4479,28.2,39.51,994.51,76.1
648,2026-07-21,2026-07-21 11:52:14 PM,19440.192,324.0032,8191,1.0239,3232,0.404,11585,1.4481,28.21,39.49,994.51,76.3
649,2026-07-21,2026-07-21 11:52:44 PM,19470.192,324.5032,8193,1.0241,3226,0.4033,11587,1.4484,28.21,39.5,994.44,76.17
650,2026-07-21,2026-07-21 11:53:14 PM,19500.196,325.0033,8191,1.0239,3229,0.4036,11588,1.4485,28.22,39.49,994.4,76.3
651,2026-07-21,2026-07-21 11:53:44 PM,19530.182,325.503,8193,1.0241,3227,0.4034,11590,1.4488,28.23,39.49,994.36,75.96
652,2026-07-21,2026-07-21 11:54:14 PM,19560.196,326.0033,8193,1.0241,3226,0.4033,11592,1.449,28.23,39.5,994.33,76.1
653,2026-07-21,2026-07-21 11:54:44 PM,19590.194,326.5032,8194,1.0243,3229,0.4036,11595,1.4494,28.23,39.49,994.27,76.17
654,2026-07-21,2026-07-21 11:55:14 PM,19620.186,327.0031,8198,1.0247,3228,0.4035,11592,1.449,28.24,39.47,994.22,76.24
655,2026-07-21,2026-07-21 11:55:44 PM,19650.194,327.5032,8194,1.0243,3226,0.4033,11594,1.4493,28.24,39.48,994.19,76.03
656,2026-07-21,2026-07-21 11:56:14 PM,19680.191,328.0032,8192,1.024,3228,0.4035,11595,1.4494,28.24,39.49,994.15,75.83
657,2026-07-21,2026-07-21 11:56:44 PM,19710.193,328.5032,8195,1.0244,3231,0.4039,11601,1.4501,28.24,39.5,994.17,76.65
658,2026-07-21,2026-07-21 11:57:14 PM,19740.185,329.0031,8198,1.0247,3232,0.404,11598,1.4498,28.25,39.49,994.13,75.96
659,2026-07-21,2026-07-21 11:57:44 PM,19770.187,329.5031,8197,1.0246,3229,0.4036,11601,1.4501,28.25,39.49,994.09,76.1
660,2026-07-21,2026-07-21 11:58:14 PM,19800.191,330.0032,8197,1.0246,3231,0.4039,11602,1.4503,28.25,39.48,994.08,75.83
661,2026-07-21,2026-07-21 11:58:44 PM,19830.185,330.5031,8198,1.0247,3234,0.4043,11606,1.4508,28.26,39.49,994.08,76.1
662,2026-07-21,2026-07-21 11:59:14 PM,19860.18,331.003,8198,1.0247,3235,0.4044,11605,1.4506,28.26,39.48,994.06,75.69
663,2026-07-21,2026-07-21 11:59:44 PM,19890.181,331.503,8200,1.025,3235,0.4044,11605,1.4506,28.26,39.48,994.06,75.9
664,2026-07-22,2026-07-22 12:00:14 AM,19920.182,332.003,8197,1.0246,3236,0.4045,11606,1.4508,28.26,39.49,994.01,76.03
665,2026-07-22,2026-07-22 12:00:44 AM,19950.187,332.5031,8195,1.0244,3235,0.4044,11609,1.4511,28.26,39.5,994.01,76.44
666,2026-07-22,2026-07-22 12:01:14 AM,19980.183,333.0031,8192,1.024,3236,0.4045,11607,1.4509,28.26,39.51,994.03,76.03
667,2026-07-22,2026-07-22 12:01:44 AM,20010.183,333.503,8192,1.024,3237,0.4046,11607,1.4509,28.25,39.52,994.03,76.1
668,2026-07-22,2026-07-22 12:02:14 AM,20040.185,334.0031,8192,1.024,3236,0.4045,11612,1.4515,28.25,39.52,993.99,76.24
669,2026-07-22,2026-07-22 12:02:44 AM,20070.182,334.503,8189,1.0236,3235,0.4044,11610,1.4513,28.24,39.53,994.0,76.1
670,2026-07-22,2026-07-22 12:03:14 AM,20100.175,335.0029,8186,1.0233,3231,0.4039,11608,1.451,28.23,39.55,994.0,76.03
671,2026-07-22,2026-07-22 12:03:44 AM,20130.175,335.5029,8184,1.023,3233,0.4041,11608,1.451,28.23,39.55,993.98,76.37
672,2026-07-22,2026-07-22 12:04:14 AM,20160.179,336.003,8182,1.0228,3234,0.4043,11606,1.4508,28.21,39.56,994.03,76.1
673,2026-07-22,2026-07-22 12:04:44 AM,20190.184,336.5031,8178,1.0223,3231,0.4039,11611,1.4514,28.2,39.56,994.03,75.9
674,2026-07-22,2026-07-22 12:05:14 AM,20220.175,337.0029,8176,1.022,3231,0.4039,11608,1.451,28.2,39.58,994.03,76.1
675,2026-07-22,2026-07-22 12:05:44 AM,20250.171,337.5029,8172,1.0215,3228,0.4035,11607,1.4509,28.18,39.59,994.05,76.3
676,2026-07-22,2026-07-22 12:06:14 AM,20280.172,338.0029,8170,1.0213,3231,0.4039,11606,1.4508,28.18,39.61,994.09,75.96
677,2026-07-22,2026-07-22 12:06:44 AM,20310.166,338.5028,8164,1.0205,3229,0.4036,11603,1.4504,28.17,39.62,994.12,76.24
678,2026-07-22,2026-07-22 12:07:14 AM,20340.171,339.0028,8165,1.0206,3226,0.4033,11605,1.4506,28.16,39.63,994.14,76.3
679,2026-07-22,2026-07-22 12:07:44 AM,20370.167,339.5028,8160,1.02,3222,0.4028,11604,1.4505,28.15,39.63,994.13,76.37
680,2026-07-22,2026-07-22 12:08:14 AM,20400.176,340.0029,8159,1.0199,3220,0.4025,11604,1.4505,28.14,39.64,994.13,76.37
681,2026-07-22,2026-07-22 12:08:44 AM,20430.183,340.503,8154,1.0193,3224,0.403,11603,1.4504,28.13,39.64,994.14,76.37
682,2026-07-22,2026-07-22 12:09:14 AM,20460.175,341.0029,8154,1.0193,3216,0.402,11601,1.4501,28.12,39.64,994.16,76.1
683,2026-07-22,2026-07-22 12:09:44 AM,20490.172,341.5029,8149,1.0186,3215,0.4019,11601,1.4501,28.11,39.66,994.14,76.51
684,2026-07-22,2026-07-22 12:10:14 AM,20520.178,342.003,8147,1.0184,3211,0.4014,11602,1.4503,28.1,39.66,994.14,76.58
685,2026-07-22,2026-07-22 12:10:44 AM,20550.171,342.5029,8143,1.0179,3214,0.4018,11599,1.4499,28.09,39.67,994.17,76.17
686,2026-07-22,2026-07-22 12:11:14 AM,20580.166,343.0028,8139,1.0174,3214,0.4018,11597,1.4496,28.08,39.67,994.17,76.24
687,2026-07-22,2026-07-22 12:11:44 AM,20610.166,343.5028,8137,1.0171,3213,0.4016,11597,1.4496,28.07,39.67,994.17,76.37
688,2026-07-22,2026-07-22 12:12:14 AM,20640.163,344.0027,8133,1.0166,3214,0.4018,11596,1.4495,28.07,39.67,994.13,76.51
689,2026-07-22,2026-07-22 12:12:44 AM,20670.159,344.5026,8133,1.0166,3213,0.4016,11597,1.4496,28.07,39.66,994.15,76.71
690,2026-07-22,2026-07-22 12:13:14 AM,20700.161,345.0027,8130,1.0163,3209,0.4011,11593,1.4491,28.06,39.66,994.12,76.37
691,2026-07-22,2026-07-22 12:13:44 AM,20730.169,345.5028,8128,1.016,3211,0.4014,11595,1.4494,28.06,39.65,994.13,76.51
692,2026-07-22,2026-07-22 12:14:14 AM,20760.166,346.0028,8126,1.0158,3211,0.4014,11591,1.4489,28.06,39.65,994.14,76.99
693,2026-07-22,2026-07-22 12:14:44 AM,20790.171,346.5028,8128,1.016,3208,0.401,11592,1.449,28.05,39.64,994.14,76.71
694,2026-07-22,2026-07-22 12:15:14 AM,20820.167,347.0028,8123,1.0154,3203,0.4004,11593,1.4491,28.05,39.65,994.15,76.92
695,2026-07-22,2026-07-22 12:15:44 AM,20850.172,347.5029,8124,1.0155,3206,0.4008,11594,1.4493,28.05,39.63,994.18,76.24
696,2026-07-22,2026-07-22 12:16:14 AM,20880.169,348.0028,8123,1.0154,3205,0.4006,11591,1.4489,28.05,39.65,994.19,76.71
697,2026-07-22,2026-07-22 12:16:44 AM,20910.163,348.5027,8122,1.0153,3207,0.4009,11595,1.4494,28.06,39.62,994.19,76.71
698,2026-07-22,2026-07-22 12:17:14 AM,20940.157,349.0026,8122,1.0153,3202,0.4003,11594,1.4493,28.06,39.62,994.21,76.92
699,2026-07-22,2026-07-22 12:17:44 AM,20970.158,349.5026,8122,1.0153,3204,0.4005,11592,1.449,28.06,39.61,994.22,76.3
700,2026-07-22,2026-07-22 12:18:14 AM,21000.158,350.0026,8120,1.015,3206,0.4008,11598,1.4498,28.07,39.59,994.24,76.65
701,2026-07-22,2026-07-22 12:18:44 AM,21030.168,350.5028,8120,1.015,3203,0.4004,11595,1.4494,28.07,39.58,994.21,76.51
702,2026-07-22,2026-07-22 12:19:14 AM,21060.157,351.0026,8123,1.0154,3205,0.4006,11599,1.4499,28.08,39.58,994.2,76.3
703,2026-07-22,2026-07-22 12:19:44 AM,21090.167,351.5028,8122,1.0153,3207,0.4009,11597,1.4496,28.09,39.57,994.19,76.71
704,2026-07-22,2026-07-22 12:20:14 AM,21120.163,352.0027,8128,1.016,3206,0.4008,11601,1.4501,28.1,39.56,994.18,76.58
