timestamp_iso,elapsed_s,session_id,food_category,food_name,phase,adc_NH3,v_NH3,adc_CH4,v_CH4,adc_H2S,v_H2S,temp_C,pressure_Pa,humidity_pct,bme_gas_ohms,image_filename
2026-07-11T15:55:28,0.0,S0001,unknown,unknown,Warmup,11805,1.476,24050,3.006,19795,2.474,26.48,93457.0,59.02,5600.0,none
2026-07-11T15:55:30,1.04,S0001,unknown,unknown,Warmup,11805,1.476,24049,3.006,19795,2.474,26.5,93457.0,58.87,5600.0,none
2026-07-11T15:55:32,3.04,S0001,unknown,unknown,Warmup,11804,1.476,24047,3.006,19795,2.474,26.52,93455.0,58.73,5600.0,none
2026-07-11T15:55:34,5.05,S0001,unknown,unknown,Warmup,11805,1.476,24047,3.006,19796,2.475,26.55,93455.0,58.6,5600.0,none
2026-07-11T15:55:36,7.05,S0001,unknown,unknown,Warmup,11806,1.476,24049,3.006,19795,2.474,26.57,93457.0,58.46,5600.0,none
2026-07-11T15:55:38,9.04,S0001,unknown,unknown,Warmup,11805,1.476,24049,3.006,19794,2.474,26.59,93457.0,58.37,5600.0,none
2026-07-11T15:55:40,11.04,S0001,unknown,unknown,Warmup,11807,1.476,24050,3.006,19795,2.474,26.61,93457.0,58.3,5900.0,none
2026-07-11T15:55:42,13.03,S0001,unknown,unknown,Warmup,11809,1.476,24051,3.006,19797,2.475,26.63,93457.0,58.22,6300.0,none
2026-07-11T15:55:44,15.03,S0001,unknown,unknown,Warmup,11806,1.476,24049,3.006,19795,2.474,26.64,93457.0,58.16,6900.0,none
2026-07-11T15:55:46,17.03,S0001,unknown,unknown,Warmup,11806,1.476,24049,3.006,19795,2.474,26.65,93455.0,58.12,7600.0,none
2026-07-11T15:55:48,19.05,S0001,unknown,unknown,Warmup,11806,1.476,24050,3.006,19796,2.475,26.66,93457.0,58.08,8100.0,none
2026-07-11T15:55:50,21.04,S0001,unknown,unknown,Warmup,11805,1.476,24049,3.006,19795,2.474,26.66,93457.0,58.04,8800.0,none
2026-07-11T15:55:52,23.04,S0001,unknown,unknown,Warmup,11805,1.476,24048,3.006,19794,2.474,26.67,93457.0,58.0,9400.0,none
2026-07-11T15:55:54,25.05,S0001,unknown,unknown,Warmup,11805,1.476,24047,3.006,19793,2.474,26.67,93457.0,58.0,10000.0,capture_failed
2026-07-11T15:55:56,27.03,S0001,unknown,unknown,Warmup,11806,1.476,24050,3.006,19794,2.474,26.67,93455.0,57.97,10600.0,none
2026-07-11T15:55:58,29.04,S0001,unknown,unknown,Warmup,11806,1.476,24051,3.006,19796,2.475,26.67,93455.0,57.96,11300.0,none
2026-07-11T15:56:00,31.04,S0001,unknown,unknown,Warmup,11806,1.476,24050,3.006,19795,2.474,26.67,93455.0,57.98,12100.0,none
2026-07-11T15:56:02,33.03,S0001,unknown,unknown,Warmup,11805,1.476,24050,3.006,19794,2.474,26.67,93453.0,57.98,12700.0,none
2026-07-11T15:56:04,35.04,S0001,unknown,unknown,Warmup,11806,1.476,24050,3.006,19796,2.475,26.67,93453.0,58.0,13400.0,none
2026-07-11T15:56:06,37.03,S0001,unknown,unknown,Warmup,11809,1.476,24049,3.006,19795,2.474,26.68,93455.0,57.98,14000.0,none
2026-07-11T15:56:08,39.03,S0001,unknown,unknown,Warmup,11807,1.476,24051,3.006,19794,2.474,26.68,93453.0,57.99,14600.0,none
2026-07-11T15:56:10,41.03,S0001,unknown,unknown,Warmup,11807,1.476,24051,3.006,19796,2.475,26.68,93453.0,57.98,15200.0,none
2026-07-11T15:56:12,43.03,S0001,unknown,unknown,Warmup,11809,1.476,24052,3.007,19796,2.475,26.68,93455.0,57.98,15800.0,none
2026-07-11T15:56:14,45.05,S0001,unknown,unknown,Warmup,11807,1.476,24052,3.007,19796,2.475,26.69,93453.0,57.97,16400.0,none
2026-07-11T15:56:16,47.04,S0001,unknown,unknown,Warmup,11807,1.476,24049,3.006,19796,2.475,26.69,93453.0,57.97,17000.0,none
2026-07-11T15:56:18,49.03,S0001,unknown,unknown,Warmup,11808,1.476,24049,3.006,19794,2.474,26.69,93453.0,57.97,17400.0,none
2026-07-11T15:56:20,51.04,S0001,unknown,unknown,Warmup,11806,1.476,24047,3.006,19793,2.474,26.69,93457.0,57.94,18100.0,none
2026-07-11T15:56:22,53.04,S0001,unknown,unknown,Warmup,11806,1.476,24050,3.006,19793,2.474,26.69,93457.0,57.95,18700.0,none
2026-07-11T15:56:24,55.04,S0001,unknown,unknown,Warmup,11807,1.476,24050,3.006,19795,2.474,26.69,93457.0,57.95,19100.0,capture_failed
2026-07-11T15:56:26,57.03,S0001,unknown,unknown,Warmup,11808,1.476,24051,3.006,19794,2.474,26.69,93457.0,57.97,19700.0,none
2026-07-11T15:56:28,59.03,S0001,unknown,unknown,Warmup,11810,1.476,24053,3.007,19797,2.475,26.7,93457.0,58.01,20100.0,none
2026-07-11T15:56:30,61.04,S0001,unknown,unknown,Warmup,11808,1.476,24051,3.006,19795,2.474,26.7,93455.0,58.04,20700.0,none
2026-07-11T15:56:32,63.03,S0001,unknown,unknown,Warmup,11809,1.476,24052,3.007,19796,2.475,26.7,93455.0,58.04,21100.0,none
2026-07-11T15:56:34,65.03,S0001,unknown,unknown,Warmup,11809,1.476,24051,3.006,19795,2.474,26.71,93453.0,58.03,21500.0,none
2026-07-11T15:56:36,67.05,S0001,unknown,unknown,Warmup,11810,1.476,24053,3.007,19797,2.475,26.71,93453.0,58.08,22000.0,none
2026-07-11T15:56:38,69.05,S0001,unknown,unknown,Warmup,11809,1.476,24054,3.007,19796,2.475,26.72,93451.0,58.18,22600.0,none
2026-07-11T15:56:40,71.05,S0001,unknown,unknown,Warmup,11814,1.477,24057,3.007,19799,2.475,26.76,93455.0,59.29,22500.0,none
2026-07-11T15:56:42,73.04,S0001,unknown,unknown,Warmup,11815,1.477,24057,3.007,19799,2.475,26.79,93451.0,61.02,23500.0,none
2026-07-11T15:56:44,75.04,S0001,unknown,unknown,Warmup,11813,1.477,24054,3.007,19797,2.475,26.82,93453.0,61.11,23900.0,none
2026-07-11T15:56:46,77.04,S0001,unknown,unknown,Warmup,11816,1.477,24054,3.007,19798,2.475,26.83,93453.0,60.74,24400.0,none
2026-07-11T15:56:48,79.04,S0001,unknown,unknown,Warmup,11815,1.477,24057,3.007,19799,2.475,26.84,93451.0,60.28,25000.0,none
2026-07-11T15:56:50,81.04,S0001,unknown,unknown,Warmup,11814,1.477,24055,3.007,19796,2.475,26.85,93453.0,59.85,25400.0,none
2026-07-11T15:56:52,83.04,S0001,unknown,unknown,Warmup,11815,1.477,24057,3.007,19798,2.475,26.86,93451.0,59.44,25800.0,none
2026-07-11T15:56:54,85.04,S0001,unknown,unknown,Warmup,11813,1.477,24056,3.007,19797,2.475,26.86,93451.0,59.02,26300.0,capture_failed
2026-07-11T15:56:56,87.04,S0001,unknown,unknown,Warmup,11813,1.477,24055,3.007,19797,2.475,26.87,93451.0,58.73,26800.0,none
2026-07-11T15:56:58,89.04,S0001,unknown,unknown,Warmup,11814,1.477,24055,3.007,19798,2.475,26.87,93449.0,58.49,27300.0,none
2026-07-11T15:57:00,91.03,S0001,unknown,unknown,Warmup,11817,1.477,24054,3.007,19798,2.475,26.87,93451.0,58.28,27700.0,none
2026-07-11T15:57:02,93.03,S0001,unknown,unknown,Warmup,11814,1.477,24053,3.007,19796,2.475,26.88,93451.0,58.11,28000.0,none
2026-07-11T15:57:04,95.03,S0001,unknown,unknown,Warmup,11815,1.477,24055,3.007,19798,2.475,26.88,93451.0,57.99,28500.0,none
2026-07-11T15:57:06,97.04,S0001,unknown,unknown,Warmup,11815,1.477,24057,3.007,19798,2.475,26.88,93451.0,57.87,28900.0,none
2026-07-11T15:57:08,99.04,S0001,unknown,unknown,Warmup,11815,1.477,24057,3.007,19796,2.475,26.88,93451.0,57.79,29300.0,none
2026-07-11T15:57:10,101.03,S0001,unknown,unknown,Warmup,11814,1.477,24056,3.007,19796,2.475,26.88,93451.0,57.73,29700.0,none
2026-07-11T15:57:12,103.03,S0001,unknown,unknown,Warmup,11815,1.477,24056,3.007,19797,2.475,26.88,93451.0,57.69,30100.0,none
2026-07-11T15:57:14,105.03,S0001,unknown,unknown,Warmup,11815,1.477,24054,3.007,19796,2.475,26.88,93451.0,57.64,30500.0,none
2026-07-11T15:57:16,107.03,S0001,unknown,unknown,Warmup,11815,1.477,24057,3.007,19797,2.475,26.88,93451.0,57.61,30800.0,none
2026-07-11T15:57:18,109.04,S0001,unknown,unknown,Warmup,11816,1.477,24056,3.007,19797,2.475,26.88,93451.0,57.58,31100.0,none
2026-07-11T15:57:20,111.04,S0001,unknown,unknown,Warmup,11817,1.477,24058,3.007,19798,2.475,26.88,93449.0,57.56,31500.0,none
2026-07-11T15:57:22,113.03,S0001,unknown,unknown,Warmup,11822,1.478,24060,3.008,19800,2.475,26.9,93451.0,58.15,31300.0,none
2026-07-11T15:57:24,115.04,S0001,unknown,unknown,Warmup,11826,1.478,24058,3.007,19801,2.475,26.95,93453.0,61.6,30700.0,capture_failed
2026-07-11T15:57:26,117.03,S0001,unknown,unknown,Warmup,11834,1.479,24061,3.008,19800,2.475,27.0,93455.0,66.8,30000.0,none
2026-07-11T15:57:28,119.03,S0001,unknown,unknown,Warmup,11837,1.48,24063,3.008,19802,2.475,27.06,93455.0,70.03,29500.0,none
2026-07-11T15:57:30,121.04,S0001,unknown,unknown,Warmup,11841,1.48,24065,3.008,19804,2.476,27.12,93457.0,72.15,29400.0,none
2026-07-11T15:57:32,123.04,S0001,unknown,unknown,Warmup,11832,1.479,24066,3.008,19802,2.475,27.16,93457.0,71.37,29800.0,none
2026-07-11T15:57:34,125.04,S0001,unknown,unknown,Warmup,11830,1.479,24066,3.008,19801,2.475,27.18,93455.0,69.06,30600.0,none
2026-07-11T15:57:36,127.03,S0001,unknown,unknown,Warmup,11829,1.479,24064,3.008,19801,2.475,27.19,93455.0,66.43,31200.0,none
2026-07-11T15:57:38,129.03,S0001,unknown,unknown,Warmup,11827,1.478,24064,3.008,19801,2.475,27.19,93455.0,64.02,31900.0,none
2026-07-11T15:57:40,131.03,S0001,unknown,unknown,Warmup,11828,1.479,24064,3.008,19800,2.475,27.19,93455.0,62.3,32400.0,none
2026-07-11T15:57:42,133.03,S0001,unknown,unknown,Warmup,11827,1.478,24062,3.008,19801,2.475,27.18,93455.0,61.07,32900.0,none
2026-07-11T15:57:44,135.04,S0001,unknown,unknown,Warmup,11829,1.479,24065,3.008,19802,2.475,27.17,93457.0,60.05,33600.0,none
2026-07-11T15:57:46,137.04,S0001,unknown,unknown,Warmup,11828,1.479,24065,3.008,19800,2.475,27.16,93455.0,59.29,34100.0,none
2026-07-11T15:57:48,139.04,S0001,unknown,unknown,Warmup,11827,1.478,24064,3.008,19799,2.475,27.15,93455.0,58.74,34500.0,none
2026-07-11T15:57:50,141.04,S0001,unknown,unknown,Warmup,11828,1.479,24064,3.008,19801,2.475,27.13,93455.0,58.31,35000.0,none
2026-07-11T15:57:52,143.04,S0001,unknown,unknown,Warmup,11829,1.479,24066,3.008,19803,2.475,27.12,93455.0,58.0,35400.0,none
2026-07-11T15:57:54,145.03,S0001,unknown,unknown,Warmup,11828,1.479,24064,3.008,19802,2.475,27.1,93455.0,57.75,35900.0,capture_failed
2026-07-11T15:57:56,147.03,S0001,unknown,unknown,Warmup,11829,1.479,24064,3.008,19802,2.475,27.08,93453.0,57.55,36300.0,none
2026-07-11T15:57:58,149.03,S0001,unknown,unknown,Warmup,11827,1.478,24065,3.008,19803,2.475,27.07,93453.0,57.42,36400.0,none
2026-07-11T15:58:00,151.03,S0001,unknown,unknown,Warmup,11826,1.478,24065,3.008,19802,2.475,27.05,93453.0,57.31,37000.0,none
2026-07-11T15:58:02,153.03,S0001,unknown,unknown,Warmup,11829,1.479,24065,3.008,19803,2.475,27.03,93455.0,57.22,37300.0,none
2026-07-11T15:58:04,155.04,S0001,unknown,unknown,Warmup,11827,1.478,24064,3.008,19799,2.475,27.02,93455.0,57.13,37800.0,none
2026-07-11T15:58:06,157.04,S0001,unknown,unknown,Warmup,11827,1.478,24064,3.008,19801,2.475,27.01,93453.0,57.04,38100.0,none
2026-07-11T15:58:08,159.04,S0001,unknown,unknown,Warmup,11828,1.479,24063,3.008,19802,2.475,27.0,93455.0,56.99,38400.0,none
2026-07-11T15:58:10,161.03,S0001,unknown,unknown,Warmup,11827,1.478,24064,3.008,19801,2.475,26.99,93455.0,56.89,38800.0,none
2026-07-11T15:58:12,163.03,S0001,unknown,unknown,Warmup,11828,1.479,24066,3.008,19800,2.475,26.98,93455.0,56.84,39100.0,none
2026-07-11T15:58:14,165.04,S0001,unknown,unknown,Warmup,11826,1.478,24066,3.008,19801,2.475,26.97,93455.0,56.77,39300.0,none
2026-07-11T15:58:16,167.04,S0001,unknown,unknown,Warmup,11825,1.478,24064,3.008,19800,2.475,26.96,93455.0,56.73,39800.0,none
2026-07-11T15:58:18,169.04,S0001,unknown,unknown,Warmup,11825,1.478,24065,3.008,19802,2.475,26.96,93455.0,56.69,40100.0,none
2026-07-11T15:58:20,171.03,S0001,unknown,unknown,Warmup,11826,1.478,24064,3.008,19802,2.475,26.95,93453.0,56.59,40400.0,none
2026-07-11T15:58:22,173.04,S0001,unknown,unknown,Warmup,11827,1.478,24064,3.008,19801,2.475,26.94,93455.0,56.54,40600.0,none
2026-07-11T15:58:24,175.03,S0001,unknown,unknown,Warmup,11825,1.478,24063,3.008,19800,2.475,26.94,93455.0,56.5,40800.0,capture_failed
2026-07-11T15:58:26,177.04,S0001,unknown,unknown,Warmup,11826,1.478,24063,3.008,19800,2.475,26.93,93453.0,56.49,41400.0,none
2026-07-11T15:58:28,179.04,S0001,unknown,unknown,Warmup,11826,1.478,24065,3.008,19801,2.475,26.93,93455.0,56.49,41600.0,none
2026-07-11T15:58:30,181.04,S0001,unknown,unknown,Warmup,11826,1.478,24065,3.008,19802,2.475,26.92,93455.0,56.56,41800.0,none
2026-07-11T15:58:32,183.03,S0001,unknown,unknown,Warmup,11827,1.478,24066,3.008,19802,2.475,26.91,93455.0,56.61,42100.0,none
2026-07-11T15:58:34,185.04,S0001,unknown,unknown,Warmup,11826,1.478,24065,3.008,19802,2.475,26.91,93449.0,56.65,42200.0,none
2026-07-11T15:58:36,187.04,S0001,unknown,unknown,Warmup,11825,1.478,24063,3.008,19801,2.475,26.91,93449.0,56.66,42600.0,none
2026-07-11T15:58:38,189.04,S0001,unknown,unknown,Warmup,11826,1.478,24064,3.008,19802,2.475,26.91,93451.0,56.61,43000.0,none
2026-07-11T15:58:40,191.04,S0001,unknown,unknown,Warmup,11826,1.478,24065,3.008,19802,2.475,26.91,93451.0,56.51,43100.0,none
2026-07-11T15:58:42,193.03,S0001,unknown,unknown,Warmup,11827,1.478,24064,3.008,19801,2.475,26.9,93453.0,56.44,43500.0,none
2026-07-11T15:58:44,195.04,S0001,unknown,unknown,Warmup,11826,1.478,24065,3.008,19802,2.475,26.9,93453.0,56.39,43600.0,none
2026-07-11T15:58:46,197.04,S0001,unknown,unknown,Warmup,11828,1.479,24067,3.008,19803,2.475,26.9,93453.0,56.36,43800.0,none
2026-07-11T15:58:48,199.04,S0001,unknown,unknown,Warmup,11827,1.478,24068,3.009,19800,2.475,26.9,93451.0,56.36,44000.0,none
2026-07-11T15:58:50,201.04,S0001,unknown,unknown,Warmup,11827,1.478,24067,3.008,19801,2.475,26.9,93451.0,56.29,44200.0,none
2026-07-11T15:58:52,203.04,S0001,unknown,unknown,Warmup,11828,1.479,24068,3.009,19802,2.475,26.9,93451.0,56.23,44500.0,none
2026-07-11T15:58:54,205.03,S0001,unknown,unknown,Warmup,11828,1.479,24066,3.008,19803,2.475,26.9,93451.0,56.12,44600.0,capture_failed
2026-07-11T15:58:56,207.03,S0001,unknown,unknown,Warmup,11828,1.479,24068,3.009,19802,2.475,26.9,93451.0,56.01,45000.0,none
2026-07-11T15:58:58,209.03,S0001,unknown,unknown,Warmup,11829,1.479,24069,3.009,19802,2.475,26.9,93451.0,55.92,45300.0,none
2026-07-11T15:59:00,211.04,S0001,unknown,unknown,Warmup,11829,1.479,24067,3.008,19801,2.475,26.91,93451.0,55.92,45400.0,none
2026-07-11T15:59:02,213.04,S0001,unknown,unknown,Warmup,11831,1.479,24070,3.009,19804,2.476,26.91,93449.0,55.88,45800.0,none
2026-07-11T15:59:04,215.03,S0001,unknown,unknown,Warmup,11830,1.479,24069,3.009,19805,2.476,26.92,93455.0,55.82,45900.0,none
2026-07-11T15:59:06,217.03,S0001,unknown,unknown,Warmup,11830,1.479,24068,3.009,19803,2.475,26.92,93453.0,55.81,46200.0,none
2026-07-11T15:59:08,219.04,S0001,unknown,unknown,Warmup,11830,1.479,24068,3.009,19803,2.475,26.93,93453.0,55.85,46500.0,none
2026-07-11T15:59:10,221.04,S0001,unknown,unknown,Warmup,11833,1.479,24069,3.009,19804,2.476,26.93,93453.0,55.85,46600.0,none
2026-07-11T15:59:12,223.04,S0001,unknown,unknown,Warmup,11830,1.479,24068,3.009,19804,2.476,26.93,93453.0,55.77,47600.0,none
2026-07-11T15:59:14,225.04,S0001,unknown,unknown,Warmup,11830,1.479,24069,3.009,19802,2.475,26.93,93453.0,55.64,48000.0,none
2026-07-11T15:59:16,227.04,S0001,unknown,unknown,Warmup,11830,1.479,24069,3.009,19803,2.475,26.93,93453.0,55.51,48200.0,none
2026-07-11T15:59:18,229.04,S0001,unknown,unknown,Warmup,11831,1.479,24069,3.009,19802,2.475,26.93,93453.0,55.46,48300.0,none
2026-07-11T15:59:20,231.04,S0001,unknown,unknown,Warmup,11830,1.479,24068,3.009,19802,2.475,26.93,93453.0,55.4,48600.0,none
2026-07-11T15:59:22,233.04,S0001,unknown,unknown,Warmup,11832,1.479,24069,3.009,19804,2.476,26.92,93453.0,55.4,49000.0,none
2026-07-11T15:59:24,235.04,S0001,unknown,unknown,Warmup,11832,1.479,24070,3.009,19802,2.475,26.92,93453.0,55.36,48800.0,capture_failed
2026-07-11T15:59:26,237.04,S0001,unknown,unknown,Warmup,11830,1.479,24070,3.009,19802,2.475,26.91,93449.0,55.32,48900.0,none
2026-07-11T15:59:28,239.03,S0001,unknown,unknown,Warmup,11831,1.479,24070,3.009,19804,2.476,26.91,93449.0,55.28,49400.0,none
2026-07-11T15:59:30,241.03,S0001,unknown,unknown,Warmup,11832,1.479,24071,3.009,19803,2.475,26.91,93449.0,55.24,49600.0,none
2026-07-11T15:59:32,243.04,S0001,unknown,unknown,Warmup,11833,1.479,24072,3.009,19805,2.476,26.91,93449.0,55.19,49900.0,none
2026-07-11T15:59:34,245.04,S0001,unknown,unknown,Warmup,11833,1.479,24072,3.009,19805,2.476,26.9,93451.0,55.14,50500.0,none
2026-07-11T15:59:36,247.04,S0001,unknown,unknown,Warmup,11833,1.479,24071,3.009,19804,2.476,26.9,93451.0,55.1,50400.0,none
2026-07-11T15:59:38,249.04,S0001,unknown,unknown,Warmup,11833,1.479,24072,3.009,19805,2.476,26.89,93449.0,55.07,50500.0,none
2026-07-11T15:59:40,251.04,S0001,unknown,unknown,Warmup,11832,1.479,24071,3.009,19803,2.475,26.89,93449.0,55.06,50800.0,none
2026-07-11T15:59:42,253.04,S0001,unknown,unknown,Warmup,11831,1.479,24071,3.009,19803,2.475,26.88,93449.0,55.06,51000.0,none
2026-07-11T15:59:44,255.04,S0001,unknown,unknown,Warmup,11830,1.479,24070,3.009,19802,2.475,26.88,93449.0,55.04,51300.0,none
2026-07-11T15:59:46,257.03,S0001,unknown,unknown,Warmup,11832,1.479,24070,3.009,19802,2.475,26.87,93451.0,55.01,51300.0,none
2026-07-11T15:59:48,259.04,S0001,unknown,unknown,Warmup,11833,1.479,24068,3.009,19801,2.475,26.87,93449.0,55.0,51700.0,none
2026-07-11T15:59:50,261.04,S0001,unknown,unknown,Warmup,11832,1.479,24072,3.009,19802,2.475,26.86,93449.0,54.99,52400.0,none
2026-07-11T15:59:52,263.04,S0001,unknown,unknown,Warmup,11831,1.479,24071,3.009,19804,2.476,26.85,93449.0,54.99,52000.0,none
2026-07-11T15:59:54,265.04,S0001,unknown,unknown,Warmup,11831,1.479,24070,3.009,19803,2.475,26.85,93447.0,54.96,52500.0,capture_failed
2026-07-11T15:59:56,267.04,S0001,unknown,unknown,Warmup,11829,1.479,24070,3.009,19802,2.475,26.85,93447.0,54.93,52500.0,none
2026-07-11T15:59:58,269.04,S0001,unknown,unknown,Warmup,11830,1.479,24070,3.009,19803,2.475,26.85,93449.0,54.91,52700.0,none
2026-07-11T16:00:00,271.03,S0001,unknown,unknown,Warmup,11830,1.479,24069,3.009,19803,2.475,26.84,93449.0,54.84,52700.0,none
2026-07-11T16:00:02,273.04,S0001,unknown,unknown,Warmup,11830,1.479,24068,3.009,19802,2.475,26.84,93449.0,54.85,52900.0,none
2026-07-11T16:00:04,275.04,S0001,unknown,unknown,Warmup,11829,1.479,24071,3.009,19802,2.475,26.85,93449.0,54.85,53300.0,none
2026-07-11T16:00:06,277.04,S0001,unknown,unknown,Warmup,11829,1.479,24070,3.009,19802,2.475,26.85,93449.0,54.84,53500.0,none
2026-07-11T16:00:08,279.04,S0001,unknown,unknown,Warmup,11827,1.478,24070,3.009,19801,2.475,26.85,93449.0,54.83,53800.0,none
2026-07-11T16:00:10,281.04,S0001,unknown,unknown,Warmup,11828,1.479,24069,3.009,19803,2.475,26.85,93451.0,54.8,53900.0,none
2026-07-11T16:00:12,283.03,S0001,unknown,unknown,Warmup,11828,1.479,24069,3.009,19802,2.475,26.85,93449.0,54.72,54000.0,none
2026-07-11T16:00:14,285.03,S0001,unknown,unknown,Warmup,11826,1.478,24068,3.009,19801,2.475,26.84,93451.0,54.67,54200.0,none
2026-07-11T16:00:16,287.03,S0001,unknown,unknown,Warmup,11829,1.479,24069,3.009,19802,2.475,26.83,93449.0,54.66,54400.0,none
2026-07-11T16:00:18,289.04,S0001,unknown,unknown,Warmup,11828,1.479,24068,3.009,19804,2.476,26.83,93449.0,54.67,54500.0,none
2026-07-11T16:00:20,291.04,S0001,unknown,unknown,Warmup,11827,1.478,24069,3.009,19801,2.475,26.82,93449.0,54.69,55000.0,none
2026-07-11T16:00:22,293.03,S0001,unknown,unknown,Warmup,11828,1.479,24069,3.009,19802,2.475,26.82,93449.0,54.71,54900.0,none
2026-07-11T16:00:24,295.04,S0001,unknown,unknown,Warmup,11828,1.479,24069,3.009,19802,2.475,26.81,93447.0,54.65,55000.0,capture_failed
2026-07-11T16:00:26,297.04,S0001,unknown,unknown,Warmup,11829,1.479,24069,3.009,19802,2.475,26.81,93447.0,54.63,55100.0,none
2026-07-11T16:00:28,299.03,S0001,unknown,unknown,Warmup,11828,1.479,24069,3.009,19800,2.475,26.81,93447.0,54.63,55300.0,none
2026-07-11T16:00:30,301.04,S0001,unknown,unknown,Warmup,11829,1.479,24071,3.009,19802,2.475,26.81,93447.0,54.62,55500.0,none
2026-07-11T16:00:32,303.04,S0001,unknown,unknown,Warmup,11828,1.479,24068,3.009,19802,2.475,26.81,93447.0,54.6,55900.0,none
2026-07-11T16:00:34,305.04,S0001,unknown,unknown,Warmup,11828,1.479,24068,3.009,19801,2.475,26.81,93447.0,54.54,55900.0,none
2026-07-11T16:00:36,307.03,S0001,unknown,unknown,Warmup,11828,1.479,24067,3.008,19800,2.475,26.81,93447.0,54.46,56300.0,none
2026-07-11T16:00:38,309.04,S0001,unknown,unknown,Warmup,11829,1.479,24068,3.009,19802,2.475,26.8,93449.0,54.35,56200.0,none
2026-07-11T16:00:40,311.04,S0001,unknown,unknown,Warmup,11827,1.478,24071,3.009,19801,2.475,26.8,93449.0,54.29,56400.0,none
2026-07-11T16:00:42,313.03,S0001,unknown,unknown,Warmup,11829,1.479,24069,3.009,19802,2.475,26.8,93449.0,54.26,56500.0,none
2026-07-11T16:00:44,315.04,S0001,unknown,unknown,Warmup,11829,1.479,24070,3.009,19803,2.475,26.8,93449.0,54.23,57100.0,none
2026-07-11T16:00:46,317.04,S0001,unknown,unknown,Warmup,11829,1.479,24069,3.009,19803,2.475,26.81,93449.0,54.19,57100.0,none
2026-07-11T16:00:48,319.03,S0001,unknown,unknown,Warmup,11830,1.479,24072,3.009,19802,2.475,26.8,93449.0,54.17,57200.0,none
2026-07-11T16:00:50,321.02,S0001,unknown,unknown,Warmup,11828,1.479,24069,3.009,19802,2.475,26.8,93449.0,54.15,57200.0,none
2026-07-11T16:00:52,323.04,S0001,unknown,unknown,Warmup,11830,1.479,24069,3.009,19802,2.475,26.8,93449.0,54.17,57200.0,none
2026-07-11T16:00:54,325.04,S0001,unknown,unknown,Warmup,11831,1.479,24071,3.009,19803,2.475,26.8,93449.0,54.15,57600.0,capture_failed
2026-07-11T16:00:56,327.04,S0001,unknown,unknown,Warmup,11831,1.479,24071,3.009,19802,2.475,26.81,93449.0,54.16,57700.0,none
2026-07-11T16:00:58,329.02,S0001,unknown,unknown,Warmup,11832,1.479,24072,3.009,19803,2.475,26.82,93451.0,54.17,57600.0,none
2026-07-11T16:01:00,331.04,S0001,unknown,unknown,Warmup,11831,1.479,24070,3.009,19801,2.475,26.82,93449.0,54.15,58000.0,none
2026-07-11T16:01:02,333.04,S0001,unknown,unknown,Warmup,11833,1.479,24070,3.009,19801,2.475,26.84,93451.0,54.16,58300.0,none
2026-07-11T16:01:04,335.04,S0001,unknown,unknown,Warmup,11831,1.479,24071,3.009,19803,2.475,26.85,93451.0,54.16,58400.0,none
2026-07-11T16:01:06,337.02,S0001,unknown,unknown,Warmup,11831,1.479,24070,3.009,19803,2.475,26.85,93451.0,54.14,58300.0,none
2026-07-11T16:01:08,339.02,S0001,unknown,unknown,Warmup,11831,1.479,24071,3.009,19802,2.475,26.86,93451.0,54.07,58600.0,none
2026-07-11T16:01:10,341.04,S0001,unknown,unknown,Warmup,11830,1.479,24071,3.009,19804,2.476,26.87,93449.0,53.95,58500.0,none
2026-07-11T16:01:12,343.04,S0001,unknown,unknown,Warmup,11829,1.479,24070,3.009,19802,2.475,26.88,93451.0,53.9,58700.0,none
2026-07-11T16:01:14,345.04,S0001,unknown,unknown,Warmup,11830,1.479,24072,3.009,19803,2.475,26.89,93449.0,53.85,58800.0,none
2026-07-11T16:01:16,347.02,S0001,unknown,unknown,Warmup,11831,1.479,24072,3.009,19804,2.476,26.89,93451.0,53.91,58900.0,none
2026-07-11T16:01:18,349.02,S0001,unknown,unknown,Warmup,11831,1.479,24072,3.009,19804,2.476,26.9,93449.0,53.97,59100.0,none
2026-07-11T16:01:20,351.03,S0001,unknown,unknown,Warmup,11833,1.479,24073,3.009,19806,2.476,26.9,93449.0,53.97,59000.0,none
2026-07-11T16:01:22,353.04,S0001,unknown,unknown,Warmup,11832,1.479,24072,3.009,19805,2.476,26.91,93447.0,53.93,59300.0,none
2026-07-11T16:01:24,355.04,S0001,unknown,unknown,Warmup,11832,1.479,24073,3.009,19805,2.476,26.91,93453.0,53.91,59300.0,img_000012_20260711_160123.jpg
2026-07-11T16:01:26,357.61,S0001,unknown,unknown,Warmup,11834,1.479,24075,3.009,19805,2.476,26.92,93451.0,53.89,59700.0,none
2026-07-11T16:01:28,359.04,S0001,unknown,unknown,Warmup,11832,1.479,24075,3.009,19805,2.476,26.93,93451.0,53.86,59200.0,none
2026-07-11T16:01:30,361.04,S0001,unknown,unknown,Warmup,11831,1.479,24074,3.009,19803,2.475,26.94,93453.0,53.8,60000.0,none
2026-07-11T16:01:32,363.04,S0001,unknown,unknown,Warmup,11830,1.479,24073,3.009,19804,2.476,26.94,93451.0,53.76,59900.0,none
2026-07-11T16:01:34,365.04,S0001,unknown,unknown,Warmup,11833,1.479,24076,3.01,19803,2.475,26.94,93451.0,53.67,60000.0,none
2026-07-11T16:01:36,367.04,S0001,unknown,unknown,Warmup,11832,1.479,24073,3.009,19803,2.475,26.94,93451.0,53.54,60500.0,none
2026-07-11T16:01:38,369.04,S0001,unknown,unknown,Warmup,11832,1.479,24075,3.009,19804,2.476,26.94,93451.0,53.43,60200.0,none
2026-07-11T16:01:40,371.04,S0001,unknown,unknown,Warmup,11834,1.479,24075,3.009,19804,2.476,26.94,93451.0,53.34,60600.0,none
2026-07-11T16:01:42,373.04,S0001,unknown,unknown,Warmup,11833,1.479,24074,3.009,19805,2.476,26.93,93449.0,53.29,60600.0,none
2026-07-11T16:01:44,375.03,S0001,unknown,unknown,Warmup,11833,1.479,24073,3.009,19805,2.476,26.93,93449.0,53.24,61200.0,none
2026-07-11T16:01:46,377.04,S0001,unknown,unknown,Warmup,11833,1.479,24074,3.009,19806,2.476,26.93,93449.0,53.19,61000.0,none
2026-07-11T16:01:48,379.03,S0001,unknown,unknown,Warmup,11835,1.479,24074,3.009,19804,2.476,26.94,93453.0,53.16,61200.0,none
2026-07-11T16:01:50,381.04,S0001,unknown,unknown,Warmup,11836,1.48,24075,3.009,19805,2.476,26.94,93453.0,53.13,61400.0,none
2026-07-11T16:01:52,383.03,S0001,unknown,unknown,Warmup,11833,1.479,24073,3.009,19804,2.476,26.94,93453.0,53.09,61400.0,none
2026-07-11T16:01:54,385.04,S0001,unknown,unknown,Warmup,11836,1.48,24076,3.01,19806,2.476,26.94,93453.0,53.06,62000.0,img_000013_20260711_160153.jpg
2026-07-11T16:01:56,387.52,S0001,unknown,unknown,Warmup,11834,1.479,24073,3.009,19804,2.476,26.93,93451.0,53.0,62000.0,none
2026-07-11T16:01:58,389.04,S0001,unknown,unknown,Warmup,11833,1.479,24074,3.009,19805,2.476,26.93,93451.0,52.96,61800.0,none
2026-07-11T16:02:00,391.04,S0001,unknown,unknown,Warmup,11835,1.479,24076,3.01,19804,2.476,26.93,93451.0,52.9,61800.0,none
2026-07-11T16:02:02,393.04,S0001,unknown,unknown,Warmup,11836,1.48,24077,3.01,19805,2.476,26.93,93451.0,52.83,62200.0,none
2026-07-11T16:02:04,395.04,S0001,unknown,unknown,Warmup,11838,1.48,24077,3.01,19805,2.476,26.93,93451.0,52.79,62600.0,none
2026-07-11T16:02:06,397.04,S0001,unknown,unknown,Warmup,11836,1.48,24077,3.01,19804,2.476,26.92,93451.0,52.75,62500.0,none
2026-07-11T16:02:08,399.02,S0001,unknown,unknown,Warmup,11838,1.48,24078,3.01,19806,2.476,26.92,93453.0,52.73,62500.0,none
2026-07-11T16:02:10,401.02,S0001,unknown,unknown,Warmup,11836,1.48,24078,3.01,19805,2.476,26.91,93447.0,52.73,62900.0,none
2026-07-11T16:02:12,403.04,S0001,unknown,unknown,Warmup,11836,1.48,24076,3.01,19804,2.476,26.91,93449.0,52.72,62800.0,none
2026-07-11T16:02:14,405.04,S0001,unknown,unknown,Warmup,11836,1.48,24078,3.01,19804,2.476,26.9,93449.0,52.72,63100.0,none
2026-07-11T16:02:16,407.04,S0001,unknown,unknown,Warmup,11836,1.48,24077,3.01,19804,2.476,26.9,93449.0,52.69,63000.0,none
2026-07-11T16:02:18,409.04,S0001,unknown,unknown,Warmup,11837,1.48,24077,3.01,19805,2.476,26.89,93447.0,52.62,63300.0,none
2026-07-11T16:02:20,411.02,S0001,unknown,unknown,Warmup,11837,1.48,24076,3.01,19805,2.476,26.88,93449.0,52.56,63200.0,none
2026-07-11T16:02:22,413.02,S0001,unknown,unknown,Warmup,11836,1.48,24076,3.01,19805,2.476,26.88,93449.0,52.53,63900.0,none
2026-07-11T16:02:24,415.04,S0001,unknown,unknown,Warmup,11838,1.48,24078,3.01,19806,2.476,26.88,93449.0,52.5,63700.0,capture_failed
2026-07-11T16:02:26,417.03,S0001,unknown,unknown,Warmup,11837,1.48,24077,3.01,19807,2.476,26.87,93451.0,52.48,63800.0,none
2026-07-11T16:02:28,419.04,S0001,unknown,unknown,Warmup,11836,1.48,24077,3.01,19804,2.476,26.87,93449.0,52.47,64300.0,none
2026-07-11T16:02:30,421.04,S0001,unknown,unknown,Warmup,11836,1.48,24078,3.01,19806,2.476,26.86,93449.0,52.45,64100.0,none
2026-07-11T16:02:32,423.04,S0001,unknown,unknown,Warmup,11836,1.48,24077,3.01,19806,2.476,26.86,93449.0,52.45,63900.0,none
2026-07-11T16:02:34,425.04,S0001,unknown,unknown,Warmup,11837,1.48,24079,3.01,19807,2.476,26.85,93449.0,52.47,64700.0,none
2026-07-11T16:02:36,427.04,S0001,unknown,unknown,Warmup,11837,1.48,24078,3.01,19807,2.476,26.85,93447.0,52.47,64600.0,none
2026-07-11T16:02:38,429.04,S0001,unknown,unknown,Warmup,11836,1.48,24078,3.01,19806,2.476,26.85,93447.0,52.49,64300.0,none
2026-07-11T16:02:40,431.02,S0001,unknown,unknown,Warmup,11837,1.48,24077,3.01,19807,2.476,26.85,93447.0,52.48,65000.0,none
2026-07-11T16:02:42,433.04,S0001,unknown,unknown,Warmup,11836,1.48,24077,3.01,19806,2.476,26.85,93447.0,52.49,64800.0,none
2026-07-11T16:02:44,435.04,S0001,unknown,unknown,Warmup,11837,1.48,24078,3.01,19805,2.476,26.84,93447.0,52.49,64900.0,none
2026-07-11T16:02:46,437.02,S0001,unknown,unknown,Warmup,11836,1.48,24078,3.01,19805,2.476,26.85,93447.0,52.49,64900.0,none
2026-07-11T16:02:48,439.04,S0001,unknown,unknown,Warmup,11836,1.48,24081,3.01,19807,2.476,26.85,93447.0,52.48,64800.0,none
2026-07-11T16:02:50,441.04,S0001,unknown,unknown,Warmup,11833,1.479,24076,3.01,19805,2.476,26.85,93447.0,52.45,65300.0,none
2026-07-11T16:02:52,443.04,S0001,unknown,unknown,Warmup,11836,1.48,24076,3.01,19804,2.476,26.85,93447.0,52.37,65700.0,none
2026-07-11T16:02:56,445.04,S0001,unknown,unknown,Warmup,11835,1.479,24075,3.009,19805,2.476,26.85,93447.0,52.3,65700.0,img_000015_20260711_160253.jpg
2026-07-11T16:02:57,449.19,S0001,unknown,unknown,Warmup,11834,1.479,24073,3.009,19803,2.475,26.83,93449.0,52.31,63200.0,none
2026-07-11T16:02:59,450.2,S0001,unknown,unknown,Warmup,11834,1.479,24075,3.009,19805,2.476,26.83,93447.0,52.33,63600.0,none
2026-07-11T16:03:01,452.2,S0001,unknown,unknown,Warmup,11834,1.479,24074,3.009,19804,2.476,26.82,93447.0,52.37,64600.0,none
2026-07-11T16:03:03,454.21,S0001,unknown,unknown,Warmup,11837,1.48,24076,3.01,19804,2.476,26.82,93449.0,52.39,64800.0,none
2026-07-11T16:03:05,456.21,S0001,unknown,unknown,Warmup,11838,1.48,24076,3.01,19806,2.476,26.82,93449.0,52.39,65100.0,none
2026-07-11T16:03:07,458.21,S0001,unknown,unknown,Warmup,11836,1.48,24074,3.009,19803,2.475,26.81,93447.0,52.35,65500.0,none
2026-07-11T16:03:09,460.21,S0001,unknown,unknown,Warmup,11838,1.48,24076,3.01,19803,2.475,26.81,93447.0,52.3,65700.0,none
2026-07-11T16:03:11,462.21,S0001,unknown,unknown,Warmup,11838,1.48,24075,3.009,19805,2.476,26.8,93447.0,52.25,65900.0,none
2026-07-11T16:03:13,464.2,S0001,unknown,unknown,Warmup,11838,1.48,24077,3.01,19804,2.476,26.8,93449.0,52.22,65800.0,none
2026-07-11T16:03:15,466.2,S0001,unknown,unknown,Warmup,11841,1.48,24079,3.01,19806,2.476,26.79,93447.0,52.21,66300.0,none
2026-07-11T16:03:17,468.21,S0001,unknown,unknown,Warmup,11839,1.48,24078,3.01,19806,2.476,26.78,93447.0,52.19,66700.0,none
2026-07-11T16:03:19,470.2,S0001,unknown,unknown,Warmup,11838,1.48,24078,3.01,19807,2.476,26.78,93449.0,52.17,66900.0,none
2026-07-11T16:03:21,472.2,S0001,unknown,unknown,Warmup,11838,1.48,24077,3.01,19805,2.476,26.77,93449.0,52.16,66800.0,none
2026-07-11T16:03:23,474.2,S0001,unknown,unknown,Warmup,11839,1.48,24078,3.01,19805,2.476,26.77,93447.0,52.15,67000.0,none
2026-07-11T16:03:25,476.4,S0001,unknown,unknown,Warmup,11823,1.478,24076,3.01,19804,2.476,26.77,93447.0,52.15,66800.0,img_000016_20260711_160323.jpg
2026-07-11T16:03:27,478.39,S0001,unknown,unknown,Warmup,11840,1.48,24077,3.01,19805,2.476,26.77,93447.0,52.12,67300.0,none
2026-07-11T16:03:29,480.39,S0001,unknown,unknown,Warmup,11839,1.48,24078,3.01,19804,2.476,26.76,93449.0,52.08,67000.0,none
2026-07-11T16:03:31,482.39,S0001,unknown,unknown,Warmup,11837,1.48,24078,3.01,19804,2.476,26.76,93449.0,52.03,67300.0,none
2026-07-11T16:03:33,484.39,S0001,unknown,unknown,Warmup,11837,1.48,24076,3.01,19805,2.476,26.75,93449.0,51.96,67100.0,none
2026-07-11T16:03:35,486.39,S0001,unknown,unknown,Warmup,11840,1.48,24078,3.01,19805,2.476,26.75,93447.0,51.92,67600.0,none
2026-07-11T16:03:37,488.39,S0001,unknown,unknown,Warmup,11840,1.48,24079,3.01,19805,2.476,26.74,93449.0,51.88,67800.0,none
2026-07-11T16:03:39,490.39,S0001,unknown,unknown,Warmup,11843,1.48,24080,3.01,19806,2.476,26.72,93445.0,51.85,68000.0,none
2026-07-11T16:03:41,492.37,S0001,unknown,unknown,Warmup,11843,1.48,24081,3.01,19808,2.476,26.71,93445.0,51.86,68100.0,none
2026-07-11T16:03:43,494.39,S0001,unknown,unknown,Warmup,11842,1.48,24079,3.01,19805,2.476,26.7,93447.0,51.88,68300.0,none
2026-07-11T16:03:45,496.39,S0001,unknown,unknown,Warmup,11841,1.48,24081,3.01,19806,2.476,26.69,93447.0,51.9,68300.0,none
2026-07-11T16:03:47,498.39,S0001,unknown,unknown,Warmup,11841,1.48,24080,3.01,19807,2.476,26.68,93447.0,51.94,68500.0,none
2026-07-11T16:03:49,500.39,S0001,unknown,unknown,Warmup,11842,1.48,24082,3.01,19807,2.476,26.68,93447.0,52.0,68300.0,none
2026-07-11T16:03:51,502.39,S0001,unknown,unknown,Warmup,11840,1.48,24080,3.01,19806,2.476,26.68,93447.0,52.06,68400.0,none
2026-07-11T16:03:53,504.37,S0001,unknown,unknown,Warmup,11840,1.48,24079,3.01,19806,2.476,26.68,93449.0,52.11,68400.0,none
2026-07-11T16:04:00,511.1,S0001,unknown,unknown,Warmup,11840,1.48,24080,3.01,19808,2.476,26.64,93449.0,52.57,61200.0,img_000017_20260711_160353.jpg
2026-07-11T16:04:02,513.05,S0001,unknown,unknown,Warmup,11842,1.48,24080,3.01,19807,2.476,26.63,93449.0,52.57,62800.0,none
2026-07-11T16:04:04,515.07,S0001,unknown,unknown,Warmup,11842,1.48,24081,3.01,19805,2.476,26.62,93449.0,52.51,64300.0,none
2026-07-11T16:04:06,517.07,S0001,unknown,unknown,Warmup,11841,1.48,24080,3.01,19807,2.476,26.62,93449.0,52.46,64700.0,none
2026-07-11T16:04:08,519.07,S0001,unknown,unknown,Warmup,11843,1.48,24082,3.01,19808,2.476,26.63,93449.0,52.42,65700.0,none
2026-07-11T16:04:10,521.07,S0001,unknown,unknown,Warmup,11843,1.48,24079,3.01,19807,2.476,26.64,93451.0,52.39,66400.0,none
2026-07-11T16:04:12,523.05,S0001,unknown,unknown,Warmup,11841,1.48,24080,3.01,19806,2.476,26.64,93451.0,52.39,66800.0,none
2026-07-11T16:04:14,525.07,S0001,unknown,unknown,Warmup,11841,1.48,24079,3.01,19809,2.476,26.66,93451.0,52.37,67300.0,none
2026-07-11T16:04:16,527.06,S0001,unknown,unknown,Warmup,11842,1.48,24080,3.01,19807,2.476,26.67,93449.0,52.31,67700.0,none
2026-07-11T16:04:18,529.07,S0001,unknown,unknown,Warmup,11840,1.48,24079,3.01,19806,2.476,26.68,93449.0,52.23,67400.0,none
2026-07-11T16:04:20,531.06,S0001,unknown,unknown,Warmup,11840,1.48,24081,3.01,19808,2.476,26.69,93449.0,52.13,68300.0,none
2026-07-11T16:04:22,533.06,S0001,unknown,unknown,Warmup,11839,1.48,24079,3.01,19807,2.476,26.71,93447.0,52.1,68100.0,none
2026-07-11T16:04:29,535.07,S0001,unknown,unknown,Warmup,11840,1.48,24080,3.01,19808,2.476,26.72,93447.0,52.08,68600.0,img_000018_20260711_160423.jpg
2026-07-11T16:04:30,541.79,S0001,unknown,unknown,Warmup,11811,1.476,24079,3.01,19808,2.476,26.71,93447.0,52.49,61700.0,none
2026-07-11T16:04:32,543.72,S0001,unknown,unknown,Warmup,11839,1.48,24080,3.01,19808,2.476,26.71,93447.0,52.48,62800.0,none
2026-07-11T16:04:34,545.71,S0001,unknown,unknown,Warmup,11836,1.48,24078,3.01,19807,2.476,26.72,93447.0,52.4,64200.0,none
2026-07-11T16:04:36,547.73,S0001,unknown,unknown,Warmup,11841,1.48,24079,3.01,19809,2.476,26.73,93451.0,52.26,65300.0,none
2026-07-11T16:04:38,549.72,S0001,unknown,unknown,Warmup,11838,1.48,24077,3.01,19806,2.476,26.75,93449.0,52.15,66300.0,none
2026-07-11T16:04:40,551.71,S0001,unknown,unknown,Warmup,11835,1.479,24078,3.01,19806,2.476,26.76,93449.0,52.08,66900.0,none
2026-07-11T16:04:42,553.72,S0001,unknown,unknown,Warmup,11838,1.48,24079,3.01,19807,2.476,26.77,93447.0,51.99,67300.0,none
2026-07-11T16:04:44,555.72,S0001,unknown,unknown,Warmup,11836,1.48,24078,3.01,19806,2.476,26.78,93447.0,51.92,67900.0,none
2026-07-11T16:04:46,557.71,S0001,unknown,unknown,Warmup,11836,1.48,24078,3.01,19806,2.476,26.8,93449.0,51.85,67800.0,none
2026-07-11T16:04:48,559.72,S0001,unknown,unknown,Warmup,11836,1.48,24078,3.01,19807,2.476,26.81,93447.0,51.8,68500.0,none
2026-07-11T16:04:50,561.71,S0001,unknown,unknown,Warmup,11833,1.479,24079,3.01,19808,2.476,26.82,93447.0,51.76,69000.0,none
2026-07-11T16:04:52,563.71,S0001,unknown,unknown,Warmup,11835,1.479,24077,3.01,19806,2.476,26.83,93447.0,51.71,68800.0,none
2026-07-11T16:04:58,565.71,S0001,unknown,unknown,Warmup,11832,1.479,24076,3.01,19804,2.476,26.83,93447.0,51.68,69300.0,img_000019_20260711_160453.jpg
2026-07-11T16:04:59,571.88,S0001,unknown,unknown,Warmup,11833,1.479,24072,3.009,19807,2.476,26.8,93447.0,51.87,64000.0,none
2026-07-11T16:05:01,572.89,S0001,unknown,unknown,Warmup,11832,1.479,24075,3.009,19806,2.476,26.8,93447.0,51.87,65100.0,none
2026-07-11T16:05:03,574.89,S0001,unknown,unknown,Warmup,11831,1.479,24076,3.01,19808,2.476,26.81,93447.0,51.8,66200.0,none
2026-07-11T16:05:05,576.89,S0001,unknown,unknown,Warmup,11833,1.479,24077,3.01,19808,2.476,26.82,93447.0,51.7,67000.0,none
2026-07-11T16:05:07,578.89,S0001,unknown,unknown,Warmup,11833,1.479,24080,3.01,19809,2.476,26.83,93447.0,51.61,67700.0,none
2026-07-11T16:05:09,580.89,S0001,unknown,unknown,Warmup,11832,1.479,24077,3.01,19807,2.476,26.85,93445.0,51.55,68300.0,none
2026-07-11T16:05:11,582.89,S0001,unknown,unknown,Warmup,11831,1.479,24077,3.01,19808,2.476,26.86,93447.0,51.49,68500.0,none
2026-07-11T16:05:13,584.89,S0001,unknown,unknown,Warmup,11830,1.479,24077,3.01,19806,2.476,26.87,93445.0,51.43,68900.0,none
2026-07-11T16:05:15,586.89,S0001,unknown,unknown,Warmup,11830,1.479,24077,3.01,19807,2.476,26.87,93447.0,51.38,69600.0,none
2026-07-11T16:05:17,588.88,S0001,unknown,unknown,Warmup,11829,1.479,24076,3.01,19807,2.476,26.88,93447.0,51.33,69800.0,none
2026-07-11T16:05:19,590.9,S0001,unknown,unknown,Warmup,11829,1.479,24076,3.01,19806,2.476,26.88,93447.0,51.31,69700.0,none
2026-07-11T16:05:21,592.9,S0001,unknown,unknown,Warmup,11826,1.478,24073,3.009,19803,2.475,26.89,93445.0,51.28,69800.0,none
2026-07-11T16:05:23,594.89,S0001,unknown,unknown,Warmup,11829,1.479,24075,3.009,19806,2.476,26.89,93445.0,51.27,70100.0,none
2026-07-11T16:05:31,603.55,S0001,unknown,unknown,Warmup,11826,1.478,24073,3.009,19805,2.476,26.84,93447.0,51.75,61700.0,img_000020_20260711_160523.jpg
2026-07-11T16:05:33,604.57,S0001,unknown,unknown,Warmup,11830,1.479,24074,3.009,19804,2.476,26.82,93447.0,51.79,63700.0,none
2026-07-11T16:05:35,606.57,S0001,unknown,unknown,Warmup,11831,1.479,24075,3.009,19804,2.476,26.81,93445.0,51.76,65100.0,none
2026-07-11T16:05:37,608.57,S0001,unknown,unknown,Warmup,11831,1.479,24076,3.01,19805,2.476,26.8,93445.0,51.69,66500.0,none
2026-07-11T16:05:39,610.57,S0001,unknown,unknown,Warmup,11832,1.479,24076,3.01,19807,2.476,26.8,93445.0,51.66,67100.0,none
2026-07-11T16:05:41,612.58,S0001,unknown,unknown,Warmup,11829,1.479,24076,3.01,19804,2.476,26.81,93443.0,51.61,67500.0,none
2026-07-11T16:05:43,614.58,S0001,unknown,unknown,Warmup,11832,1.479,24077,3.01,19807,2.476,26.81,93443.0,51.57,68700.0,none
2026-07-11T16:05:45,616.58,S0001,unknown,unknown,Warmup,11831,1.479,24076,3.01,19806,2.476,26.81,93443.0,51.55,69100.0,none
2026-07-11T16:05:47,618.57,S0001,unknown,unknown,Warmup,11832,1.479,24077,3.01,19805,2.476,26.81,93443.0,51.54,69200.0,none
2026-07-11T16:05:49,620.58,S0001,unknown,unknown,Warmup,11832,1.479,24078,3.01,19805,2.476,26.8,93443.0,51.56,69600.0,none
2026-07-11T16:05:51,622.57,S0001,unknown,unknown,Warmup,11832,1.479,24076,3.01,19807,2.476,26.79,93443.0,51.58,70000.0,none
2026-07-11T16:05:53,624.57,S0001,unknown,unknown,Warmup,11835,1.479,24076,3.01,19807,2.476,26.77,93445.0,51.61,70300.0,none
2026-07-11T16:05:57,629.1,S0001,unknown,unknown,Warmup,11830,1.479,24078,3.01,19805,2.476,26.74,93445.0,51.78,67900.0,img_000021_20260711_160553.jpg
2026-07-11T16:05:58,630.1,S0001,unknown,unknown,Warmup,11833,1.479,24078,3.01,19806,2.476,26.72,93443.0,51.84,69100.0,none
2026-07-11T16:06:00,631.88,S0001,unknown,unknown,Warmup,11832,1.479,24079,3.01,19806,2.476,26.71,93443.0,51.89,69400.0,none
2026-07-11T16:06:02,633.88,S0001,unknown,unknown,Warmup,11833,1.479,24077,3.01,19806,2.476,26.7,93443.0,51.91,69900.0,none
2026-07-11T16:06:04,635.88,S0001,unknown,unknown,Warmup,11833,1.479,24080,3.01,19805,2.476,26.7,93443.0,51.95,70300.0,none
2026-07-11T16:06:06,637.88,S0001,unknown,unknown,Warmup,11835,1.479,24080,3.01,19808,2.476,26.7,93443.0,51.97,71000.0,none
2026-07-11T16:06:08,639.88,S0001,unknown,unknown,Warmup,11834,1.479,24078,3.01,19806,2.476,26.7,93443.0,51.99,71200.0,none
2026-07-11T16:06:10,641.9,S0001,unknown,unknown,Warmup,11834,1.479,24077,3.01,19806,2.476,26.7,93443.0,52.01,71000.0,none
2026-07-11T16:06:12,643.88,S0001,unknown,unknown,Warmup,11833,1.479,24077,3.01,19806,2.476,26.71,93443.0,52.0,70800.0,none
2026-07-11T16:06:14,645.88,S0001,unknown,unknown,Warmup,11833,1.479,24078,3.01,19807,2.476,26.71,93443.0,52.0,71500.0,none
2026-07-11T16:06:16,647.88,S0001,unknown,unknown,Warmup,11833,1.479,24077,3.01,19807,2.476,26.72,93443.0,52.0,72100.0,none
2026-07-11T16:06:18,649.88,S0001,unknown,unknown,Warmup,11833,1.479,24077,3.01,19806,2.476,26.73,93441.0,51.98,71500.0,none
2026-07-11T16:06:20,651.89,S0001,unknown,unknown,Warmup,11833,1.479,24078,3.01,19807,2.476,26.73,93441.0,51.99,72200.0,none
2026-07-11T16:06:22,653.88,S0001,unknown,unknown,Warmup,11832,1.479,24077,3.01,19806,2.476,26.73,93441.0,52.02,72100.0,none
2026-07-11T16:06:28,655.89,S0001,unknown,unknown,Warmup,11835,1.479,24078,3.01,19807,2.476,26.74,93445.0,52.02,72100.0,img_000022_20260711_160624.jpg
2026-07-11T16:06:28,659.98,S0001,unknown,unknown,Warmup,11832,1.479,24078,3.01,19808,2.476,26.73,93441.0,52.03,70500.0,none
2026-07-11T16:06:29,660.98,S0001,unknown,unknown,Warmup,11835,1.479,24078,3.01,19806,2.476,26.73,93441.0,52.02,71100.0,none
2026-07-11T16:06:31,662.6,S0001,unknown,unknown,Warmup,11836,1.48,24080,3.01,19807,2.476,26.73,93441.0,51.97,71600.0,none
2026-07-11T16:06:33,664.61,S0001,unknown,unknown,Warmup,11837,1.48,24079,3.01,19808,2.476,26.73,93441.0,51.93,71400.0,none
2026-07-11T16:06:35,666.6,S0001,unknown,unknown,Warmup,11836,1.48,24080,3.01,19808,2.476,26.73,93445.0,51.9,72300.0,none
2026-07-11T16:06:37,668.6,S0001,unknown,unknown,Warmup,11838,1.48,24080,3.01,19809,2.476,26.74,93445.0,51.83,72600.0,none
2026-07-11T16:06:39,670.61,S0001,unknown,unknown,Warmup,11839,1.48,24079,3.01,19809,2.476,26.74,93445.0,51.79,72600.0,none
2026-07-11T16:06:41,672.6,S0001,unknown,unknown,Warmup,11838,1.48,24081,3.01,19808,2.476,26.74,93443.0,51.76,72700.0,none
2026-07-11T16:06:43,674.6,S0001,unknown,unknown,Warmup,11840,1.48,24082,3.01,19809,2.476,26.75,93443.0,51.72,72700.0,none
2026-07-11T16:06:45,676.61,S0001,unknown,unknown,Warmup,11838,1.48,24082,3.01,19809,2.476,26.75,93443.0,51.7,72900.0,none
2026-07-11T16:06:47,678.6,S0001,unknown,unknown,Warmup,11838,1.48,24081,3.01,19807,2.476,26.76,93443.0,51.66,73000.0,none
2026-07-11T16:06:49,680.6,S0001,unknown,unknown,Warmup,11840,1.48,24082,3.01,19808,2.476,26.76,93443.0,51.61,73400.0,none
2026-07-11T16:06:51,682.59,S0001,unknown,unknown,Warmup,11838,1.48,24081,3.01,19809,2.476,26.76,93441.0,51.56,73500.0,none
2026-07-11T16:06:53,684.6,S0001,unknown,unknown,Warmup,11838,1.48,24081,3.01,19808,2.476,26.77,93441.0,51.51,73800.0,none
2026-07-11T16:06:57,689.05,S0001,unknown,unknown,Warmup,11803,1.475,24061,3.008,19807,2.476,26.76,93443.0,51.53,71600.0,img_000023_20260711_160653.jpg
2026-07-11T16:06:58,690.07,S0001,unknown,unknown,Warmup,11838,1.48,24083,3.01,19809,2.476,26.76,93443.0,51.49,72100.0,none
2026-07-11T16:07:00,691.65,S0001,unknown,unknown,Warmup,11839,1.48,24084,3.011,19809,2.476,26.76,93443.0,51.46,72700.0,none
2026-07-11T16:07:02,693.65,S0001,unknown,unknown,Warmup,11839,1.48,24084,3.011,19809,2.476,26.77,93441.0,51.4,72700.0,none
2026-07-11T16:07:04,695.64,S0001,unknown,unknown,Warmup,11839,1.48,24082,3.01,19808,2.476,26.78,93441.0,51.39,73200.0,none
2026-07-11T16:07:06,697.65,S0001,unknown,unknown,Warmup,11838,1.48,24081,3.01,19808,2.476,26.8,93443.0,51.38,73300.0,none
2026-07-11T16:07:08,699.65,S0001,unknown,unknown,Warmup,11840,1.48,24082,3.01,19808,2.476,26.81,93441.0,51.37,73400.0,none
2026-07-11T16:07:10,701.64,S0001,unknown,unknown,Warmup,11840,1.48,24084,3.011,19809,2.476,26.82,93443.0,51.35,73900.0,none
2026-07-11T16:07:12,703.65,S0001,unknown,unknown,Warmup,11841,1.48,24083,3.01,19810,2.476,26.83,93441.0,51.35,73400.0,none
2026-07-11T16:07:14,705.63,S0001,unknown,unknown,Warmup,11840,1.48,24083,3.01,19807,2.476,26.83,93443.0,51.33,74000.0,none
2026-07-11T16:07:16,707.65,S0001,unknown,unknown,Warmup,11841,1.48,24083,3.01,19810,2.476,26.84,93443.0,51.33,74100.0,none
2026-07-11T16:07:18,709.65,S0001,unknown,unknown,Warmup,11840,1.48,24082,3.01,19807,2.476,26.85,93443.0,51.29,73800.0,none
2026-07-11T16:07:20,711.65,S0001,unknown,unknown,Warmup,11840,1.48,24082,3.01,19808,2.476,26.85,93441.0,51.24,74300.0,none
2026-07-11T16:07:22,713.65,S0001,unknown,unknown,Warmup,11841,1.48,24083,3.01,19809,2.476,26.85,93441.0,51.19,74300.0,none
2026-07-11T16:07:24,715.63,S0001,unknown,unknown,Warmup,11841,1.48,24082,3.01,19809,2.476,26.85,93441.0,51.15,74300.0,capture_failed
2026-07-11T16:07:26,717.65,S0001,unknown,unknown,Warmup,11841,1.48,24083,3.01,19808,2.476,26.85,93441.0,51.13,74700.0,none
2026-07-11T16:07:28,719.63,S0001,unknown,unknown,Warmup,11840,1.48,24084,3.011,19807,2.476,26.86,93443.0,51.11,74300.0,none
2026-07-11T16:07:30,721.65,S0001,unknown,unknown,Warmup,11840,1.48,24082,3.01,19808,2.476,26.86,93443.0,51.08,75000.0,none
2026-07-11T16:07:32,723.65,S0001,unknown,unknown,Warmup,11841,1.48,24081,3.01,19807,2.476,26.86,93443.0,51.03,74700.0,none
2026-07-11T16:07:34,725.65,S0001,unknown,unknown,Warmup,11840,1.48,24080,3.01,19808,2.476,26.86,93443.0,50.96,74800.0,none
2026-07-11T16:07:36,727.65,S0001,unknown,unknown,Warmup,11841,1.48,24079,3.01,19808,2.476,26.86,93443.0,50.89,74800.0,none
2026-07-11T16:07:38,729.65,S0001,unknown,unknown,Warmup,11842,1.48,24082,3.01,19809,2.476,26.86,93443.0,50.85,75000.0,none
2026-07-11T16:07:40,731.65,S0001,unknown,unknown,Warmup,11841,1.48,24081,3.01,19808,2.476,26.87,93441.0,50.85,75400.0,none
2026-07-11T16:07:42,733.64,S0001,unknown,unknown,Warmup,11840,1.48,24081,3.01,19807,2.476,26.88,93443.0,50.86,74900.0,none
2026-07-11T16:07:44,735.65,S0001,unknown,unknown,Warmup,11842,1.48,24081,3.01,19807,2.476,26.88,93443.0,50.81,75200.0,none
2026-07-11T16:07:46,737.63,S0001,unknown,unknown,Warmup,11842,1.48,24081,3.01,19807,2.476,26.89,93443.0,50.72,75600.0,none
2026-07-11T16:07:48,739.65,S0001,unknown,unknown,Warmup,11842,1.48,24081,3.01,19807,2.476,26.9,93443.0,50.64,75400.0,none
2026-07-11T16:07:50,741.63,S0001,unknown,unknown,Warmup,11841,1.48,24081,3.01,19806,2.476,26.91,93441.0,50.6,76200.0,none
2026-07-11T16:07:52,743.65,S0001,unknown,unknown,Warmup,11841,1.48,24081,3.01,19809,2.476,26.92,93445.0,50.58,75400.0,none
2026-07-11T16:07:54,745.65,S0001,unknown,unknown,Warmup,11841,1.48,24081,3.01,19809,2.476,26.93,93443.0,50.55,75800.0,capture_failed
2026-07-11T16:07:56,747.65,S0001,unknown,unknown,Warmup,11838,1.48,24079,3.01,19807,2.476,26.94,93445.0,50.52,75800.0,none
2026-07-11T16:07:58,749.65,S0001,unknown,unknown,Warmup,11840,1.48,24079,3.01,19809,2.476,26.95,93443.0,50.5,75600.0,none
2026-07-11T16:08:00,751.63,S0001,unknown,unknown,Warmup,11837,1.48,24079,3.01,19809,2.476,26.96,93443.0,50.47,75600.0,none
2026-07-11T16:08:02,753.65,S0001,unknown,unknown,Warmup,11837,1.48,24079,3.01,19808,2.476,26.97,93443.0,50.41,75800.0,none
2026-07-11T16:08:04,755.64,S0001,unknown,unknown,Warmup,11835,1.479,24078,3.01,19808,2.476,26.97,93443.0,50.36,76100.0,none
2026-07-11T16:08:06,757.65,S0001,unknown,unknown,Warmup,11838,1.48,24080,3.01,19809,2.476,26.96,93441.0,50.33,76400.0,none
2026-07-11T16:08:08,759.65,S0001,unknown,unknown,Warmup,11836,1.48,24078,3.01,19806,2.476,26.96,93441.0,50.3,76400.0,none
2026-07-11T16:08:10,761.64,S0001,unknown,unknown,Warmup,11830,1.479,24072,3.009,19804,2.476,26.94,93441.0,50.36,75400.0,none
2026-07-11T16:08:12,763.64,S0001,unknown,unknown,Warmup,11828,1.479,24070,3.009,19803,2.475,26.91,93443.0,52.22,74600.0,none
2026-07-11T16:08:14,765.64,S0001,unknown,unknown,Warmup,11829,1.479,24071,3.009,19805,2.476,26.9,93439.0,52.89,74600.0,none
2026-07-11T16:08:16,767.64,S0001,unknown,unknown,Warmup,11830,1.479,24072,3.009,19803,2.475,26.9,93439.0,52.88,74800.0,none
2026-07-11T16:08:18,769.64,S0001,unknown,unknown,Warmup,11827,1.478,24070,3.009,19799,2.475,26.9,93439.0,52.64,75500.0,none
2026-07-11T16:08:20,771.64,S0001,unknown,unknown,Warmup,11827,1.478,24069,3.009,19801,2.475,26.9,93439.0,52.35,75100.0,none
2026-07-11T16:08:22,773.65,S0001,unknown,unknown,Warmup,11830,1.479,24071,3.009,19804,2.476,26.91,93437.0,52.09,75400.0,none
2026-07-11T16:08:28,775.64,S0001,unknown,unknown,Warmup,11832,1.479,24072,3.009,19805,2.476,26.92,93441.0,51.84,75200.0,img_000026_20260711_160823.jpg
2026-07-11T16:08:29,780.78,S0001,unknown,unknown,Warmup,11822,1.478,24066,3.008,19804,2.476,26.89,93435.0,51.38,69800.0,none
2026-07-11T16:08:31,782.78,S0001,unknown,unknown,Warmup,11830,1.479,24073,3.009,19804,2.476,26.88,93437.0,51.2,71400.0,none
2026-07-11T16:08:33,784.78,S0001,unknown,unknown,Warmup,11832,1.479,24072,3.009,19804,2.476,26.88,93435.0,51.03,72600.0,none
2026-07-11T16:08:35,786.77,S0001,unknown,unknown,Warmup,11830,1.479,24071,3.009,19804,2.476,26.89,93435.0,50.91,73100.0,none
2026-07-11T16:08:37,788.77,S0001,unknown,unknown,Warmup,11830,1.479,24071,3.009,19804,2.476,26.89,93435.0,50.75,74200.0,none
2026-07-11T16:08:39,790.78,S0001,unknown,unknown,Warmup,11828,1.479,24069,3.009,19804,2.476,26.88,93435.0,50.65,74500.0,none
2026-07-11T16:08:41,792.77,S0001,unknown,unknown,Warmup,11829,1.479,24071,3.009,19805,2.476,26.88,93437.0,50.56,75100.0,none
2026-07-11T16:08:43,794.78,S0001,unknown,unknown,Warmup,11828,1.479,24069,3.009,19803,2.475,26.88,93437.0,50.54,75200.0,none
2026-07-11T16:08:45,796.78,S0001,unknown,unknown,Warmup,11828,1.479,24070,3.009,19804,2.476,26.88,93437.0,50.51,75300.0,none
2026-07-11T16:08:47,798.78,S0001,unknown,unknown,Warmup,11827,1.478,24068,3.009,19804,2.476,26.88,93437.0,50.46,75700.0,none
2026-07-11T16:08:49,800.78,S0001,unknown,unknown,Warmup,11829,1.479,24069,3.009,19804,2.476,26.89,93437.0,50.41,75800.0,none
2026-07-11T16:08:51,802.78,S0001,unknown,unknown,Warmup,11830,1.479,24069,3.009,19803,2.475,26.89,93437.0,50.38,76000.0,none
2026-07-11T16:08:53,804.79,S0001,unknown,unknown,Warmup,11827,1.478,24069,3.009,19804,2.476,26.89,93437.0,50.4,76200.0,none
2026-07-11T16:09:16,828.71,S0001,unknown,unknown,Warmup,11827,1.478,24068,3.009,19803,2.475,26.84,93439.0,51.33,64000.0,capture_failed
2026-07-11T16:09:16,828.71,S0001,unknown,unknown,Warmup,11827,1.478,24069,3.009,19804,2.476,26.82,93437.0,51.33,65400.0,none
2026-07-11T16:09:16,828.71,S0001,unknown,unknown,Warmup,11828,1.479,24070,3.009,19804,2.476,26.82,93437.0,51.21,67400.0,none
2026-07-11T16:09:16,828.71,S0001,unknown,unknown,Warmup,11829,1.479,24069,3.009,19803,2.475,26.82,93437.0,51.13,68900.0,none
2026-07-11T16:09:16,828.71,S0001,unknown,unknown,Warmup,11828,1.479,24069,3.009,19803,2.475,26.83,93437.0,51.1,70000.0,none
2026-07-11T16:09:16,828.72,S0001,unknown,unknown,Warmup,11830,1.479,24069,3.009,19802,2.475,26.83,93435.0,51.05,71500.0,none
2026-07-11T16:09:17,828.72,S0001,unknown,unknown,Warmup,11830,1.479,24071,3.009,19804,2.476,26.84,93437.0,50.97,71900.0,none
2026-07-11T16:09:19,830.43,S0001,unknown,unknown,Warmup,11832,1.479,24071,3.009,19803,2.475,26.85,93437.0,50.91,73200.0,none
2026-07-11T16:09:21,832.43,S0001,unknown,unknown,Warmup,11830,1.479,24071,3.009,19804,2.476,26.85,93439.0,50.84,73300.0,none
2026-07-11T16:09:23,834.44,S0001,unknown,unknown,Warmup,11833,1.479,24073,3.009,19805,2.476,26.86,93439.0,50.76,73700.0,none
2026-07-11T16:09:25,836.45,S0001,unknown,unknown,Warmup,11833,1.479,24071,3.009,19805,2.476,26.86,93439.0,50.68,74300.0,capture_failed
2026-07-11T16:09:27,838.43,S0001,unknown,unknown,Warmup,11833,1.479,24072,3.009,19804,2.476,26.86,93439.0,50.62,74700.0,none
2026-07-11T16:09:29,840.43,S0001,unknown,unknown,Warmup,11835,1.479,24073,3.009,19805,2.476,26.87,93439.0,50.57,75200.0,none
2026-07-11T16:09:31,842.42,S0001,unknown,unknown,Warmup,11833,1.479,24075,3.009,19805,2.476,26.87,93439.0,50.51,75200.0,none
2026-07-11T16:09:33,844.42,S0001,unknown,unknown,Warmup,11833,1.479,24073,3.009,19805,2.476,26.86,93439.0,50.42,75700.0,none
2026-07-11T16:09:35,846.44,S0001,unknown,unknown,Warmup,11834,1.479,24073,3.009,19804,2.476,26.86,93439.0,50.35,76300.0,none
2026-07-11T16:09:37,848.43,S0001,unknown,unknown,Warmup,11832,1.479,24072,3.009,19805,2.476,26.84,93437.0,50.27,76100.0,none
2026-07-11T16:09:39,850.44,S0001,unknown,unknown,Warmup,11834,1.479,24072,3.009,19804,2.476,26.83,93439.0,50.21,76700.0,none
2026-07-11T16:09:41,852.44,S0001,unknown,unknown,Warmup,11834,1.479,24073,3.009,19805,2.476,26.82,93437.0,50.17,76700.0,none
2026-07-11T16:09:43,854.43,S0001,unknown,unknown,Warmup,11836,1.48,24075,3.009,19805,2.476,26.82,93437.0,50.16,76700.0,none
2026-07-11T16:09:45,856.42,S0001,unknown,unknown,Warmup,11836,1.48,24075,3.009,19805,2.476,26.81,93435.0,50.14,77000.0,none
2026-07-11T16:09:47,858.42,S0001,unknown,unknown,Warmup,11838,1.48,24075,3.009,19806,2.476,26.81,93435.0,50.14,77500.0,none
2026-07-11T16:09:49,860.44,S0001,unknown,unknown,Warmup,11836,1.48,24074,3.009,19805,2.476,26.82,93437.0,50.12,77300.0,none
2026-07-11T16:09:51,862.44,S0001,unknown,unknown,Warmup,11836,1.48,24074,3.009,19805,2.476,26.82,93437.0,50.12,77600.0,none
2026-07-11T16:09:53,864.42,S0001,unknown,unknown,Warmup,11837,1.48,24076,3.01,19807,2.476,26.83,93435.0,50.13,77400.0,none
2026-07-11T16:09:55,866.45,S0001,unknown,unknown,Warmup,11838,1.48,24076,3.01,19806,2.476,26.84,93437.0,50.15,78000.0,capture_failed
2026-07-11T16:09:57,868.43,S0001,unknown,unknown,Warmup,11837,1.48,24075,3.009,19806,2.476,26.84,93437.0,50.14,77700.0,none
2026-07-11T16:09:59,870.44,S0001,unknown,unknown,Warmup,11839,1.48,24076,3.01,19807,2.476,26.84,93437.0,50.13,77900.0,none
2026-07-11T16:10:01,872.44,S0001,unknown,unknown,Warmup,11837,1.48,24076,3.01,19807,2.476,26.84,93437.0,50.12,77800.0,none
2026-07-11T16:10:03,874.43,S0001,unknown,unknown,Warmup,11837,1.48,24076,3.01,19806,2.476,26.84,93437.0,50.13,78100.0,none
2026-07-11T16:10:05,876.42,S0001,unknown,unknown,Warmup,11835,1.479,24077,3.01,19807,2.476,26.84,93437.0,50.17,77900.0,none
2026-07-11T16:10:07,878.42,S0001,unknown,unknown,Warmup,11838,1.48,24078,3.01,19806,2.476,26.84,93437.0,50.2,78400.0,none
2026-07-11T16:10:09,880.42,S0001,unknown,unknown,Warmup,11838,1.48,24077,3.01,19808,2.476,26.84,93437.0,50.22,77800.0,none
2026-07-11T16:10:11,882.43,S0001,unknown,unknown,Warmup,11837,1.48,24076,3.01,19806,2.476,26.83,93439.0,50.26,77900.0,none
2026-07-11T16:10:13,884.43,S0001,unknown,unknown,Warmup,11836,1.48,24078,3.01,19807,2.476,26.83,93437.0,50.29,78200.0,none
2026-07-11T16:10:15,886.43,S0001,unknown,unknown,Warmup,11837,1.48,24078,3.01,19806,2.476,26.82,93439.0,50.36,78100.0,none
2026-07-11T16:10:17,888.44,S0001,unknown,unknown,Warmup,11837,1.48,24079,3.01,19806,2.476,26.81,93437.0,50.44,78100.0,none
2026-07-11T16:10:19,890.43,S0001,unknown,unknown,Warmup,11837,1.48,24076,3.01,19805,2.476,26.81,93439.0,50.49,77800.0,none
2026-07-11T16:10:21,892.42,S0001,unknown,unknown,Warmup,11836,1.48,24076,3.01,19806,2.476,26.8,93439.0,50.51,78300.0,none
2026-07-11T16:10:23,894.43,S0001,unknown,unknown,Warmup,11836,1.48,24078,3.01,19806,2.476,26.8,93441.0,50.5,78500.0,none
2026-07-11T16:10:25,896.45,S0001,unknown,unknown,Warmup,11836,1.48,24077,3.01,19806,2.476,26.79,93439.0,50.47,78800.0,capture_failed
2026-07-11T16:10:27,898.42,S0001,unknown,unknown,Warmup,11836,1.48,24079,3.01,19806,2.476,26.79,93439.0,50.48,78600.0,none
2026-07-11T16:10:29,900.43,S0001,unknown,unknown,Warmup,11837,1.48,24078,3.01,19807,2.476,26.79,93439.0,50.49,78700.0,none
2026-07-11T16:10:31,902.42,S0001,unknown,unknown,Warmup,11838,1.48,24079,3.01,19807,2.476,26.79,93439.0,50.52,78500.0,none
2026-07-11T16:10:33,904.43,S0001,unknown,unknown,Warmup,11838,1.48,24077,3.01,19807,2.476,26.79,93439.0,50.54,78400.0,none
2026-07-11T16:10:35,906.43,S0001,unknown,unknown,Warmup,11838,1.48,24077,3.01,19807,2.476,26.79,93439.0,50.59,78900.0,none
